"","kills","deaths","assists","killingSprees","largestKillingSpree","largestMultiKill","doubleKills","tripleKills","quadraKills","pentaKills","totalDamageDealt","totalDamageDealtToChampions","magicDamageDealt","physicalDamageDealt","trueDamageDealt","damageDealtToObjectives","damageDealtToTurrets","damageSelfMitigated","totalDamageTaken","goldEarned","goldSpent","totalMinionsKilled","neutralMinionsKilled","lane","teamPosition","timePlayed","visionScore","wardsPlaced","wardsKilled","longestTimeSpentLiving","totalHeal","totalHealsOnTeammates","totalDamageShieldedOnTeammates","timeCCingOthers","firstBloodKill","firstBloodAssist","firstTowerKill","firstTowerAssist","killParticipation","takedowns"
"1",16,9,2,4,4,2,5,0,0,0,315725,62601,201453,43781,70489,42961,18443,46574,57922,20534,21150,272,16,"TOP","TOP",2141,26,11,5,501,19868,0,0,14,FALSE,FALSE,FALSE,FALSE,NA,NA
"2",1,4,2,0,0,1,0,0,0,0,51400,10165,0,48905,2495,88,0,12406,15391,5164,5670,111,0,"NONE","MIDDLE",938,15,5,2,421,997,0,0,6,FALSE,FALSE,FALSE,FALSE,NA,NA
"3",7,4,8,2,4,1,0,0,0,0,142894,25687,49628,90748,2518,24006,10844,27841,31509,12582,11833,173,8,"TOP","TOP",1727,32,13,3,847,6006,0,0,33,FALSE,FALSE,TRUE,FALSE,NA,NA
"4",6,6,0,2,2,1,0,0,0,0,126568,10629,74071,13177,39318,11646,994,10731,23026,7582,6750,9,97,"NONE","JUNGLE",1151,17,6,3,447,11333,475,0,2,FALSE,FALSE,FALSE,TRUE,NA,NA
"5",21,6,13,4,8,4,5,3,1,0,59327,34428,14814,43852,660,4617,4617,5380,12854,10716,9533,34,0,"NONE","",694,0,0,0,144,1750,0,0,0,TRUE,FALSE,TRUE,FALSE,NA,NA
"6",20,4,5,3,9,2,4,0,0,0,439048,36751,4381,371376,63291,66642,6017,22036,29536,20084,17500,71,247,"JUNGLE","JUNGLE",1846,56,7,13,757,12217,0,0,27,FALSE,FALSE,FALSE,FALSE,NA,NA
"7",13,3,10,4,7,2,2,0,0,0,391716,30952,32104,270231,89380,67961,9845,19169,34048,17126,14550,33,216,"JUNGLE","JUNGLE",1805,31,6,6,597,21486,2273,0,11,FALSE,FALSE,FALSE,FALSE,NA,NA
"8",0,5,12,0,0,0,0,0,0,0,22253,8500,12442,5962,3847,419,419,8816,17205,5908,4950,33,0,"BOTTOM","UTILITY",1439,79,45,9,565,4381,3188,3066,20,FALSE,FALSE,FALSE,FALSE,NA,NA
"9",6,5,14,2,3,2,1,0,0,0,81124,16175,68583,8194,4347,2755,2416,10855,18793,9548,8050,124,0,"BOTTOM","BOTTOM",1446,11,8,0,296,8396,3479,331,36,FALSE,FALSE,FALSE,FALSE,NA,NA
"10",9,10,12,3,3,2,1,0,0,0,241977,18543,14939,173832,53204,31003,247,23134,38682,12548,13730,47,144,"JUNGLE","JUNGLE",1654,51,11,7,358,13639,0,0,21,FALSE,FALSE,FALSE,FALSE,NA,NA
"11",9,2,7,1,8,2,1,0,0,0,61063,11503,53913,7150,0,2835,2835,4514,10702,8061,7600,98,0,"NONE","BOTTOM",916,10,7,2,208,4277,0,0,33,FALSE,TRUE,FALSE,FALSE,NA,NA
"12",9,5,14,2,4,1,0,0,0,0,195649,26419,18650,124293,52704,15469,4586,23300,27390,11793,9333,32,145,"JUNGLE","JUNGLE",1427,36,5,8,363,17580,4299,0,23,FALSE,FALSE,FALSE,FALSE,NA,NA
"13",7,8,41,1,3,1,0,0,0,0,80521,40549,75962,3550,1008,1860,1860,11632,18689,11743,9250,47,0,"NONE","",1018,0,0,0,116,1685,0,0,55,FALSE,TRUE,FALSE,TRUE,NA,NA
"14",2,3,3,0,0,1,0,0,0,0,80264,12496,9365,69461,1437,2441,2067,10742,14700,7402,7250,163,0,"NONE","MIDDLE",1135,14,6,2,306,2858,0,0,15,FALSE,FALSE,FALSE,FALSE,NA,NA
"15",0,4,4,0,0,0,0,0,0,0,145603,10254,16195,126822,2586,2040,2040,6856,13648,10411,10583,253,0,"BOTTOM","BOTTOM",1703,9,7,1,656,3254,0,0,0,FALSE,FALSE,FALSE,FALSE,NA,NA
"16",16,6,4,3,5,3,1,1,0,0,285312,27660,188756,23569,72986,45736,4571,35268,38136,15858,14950,47,163,"JUNGLE","JUNGLE",1622,21,3,6,499,18436,0,0,23,TRUE,FALSE,FALSE,FALSE,NA,NA
"17",3,0,12,1,3,1,0,0,0,0,26678,4599,17751,5874,3051,5603,3938,6414,10571,8098,7050,21,0,"BOTTOM","UTILITY",1384,62,31,3,0,7149,3547,3257,12,TRUE,FALSE,FALSE,FALSE,NA,NA
"18",23,12,19,6,5,3,5,3,0,0,71298,37806,594,64107,6596,1301,1301,38478,32046,12874,12550,48,0,"NONE","",875,0,0,0,90,11166,0,0,17,FALSE,FALSE,FALSE,FALSE,NA,NA
"19",18,15,26,3,3,1,0,0,0,0,57784,40940,9908,45771,2105,3198,3198,18736,26809,13593,12400,19,0,"NONE","",1094,0,0,0,144,2043,0,0,17,FALSE,TRUE,FALSE,FALSE,NA,NA
"20",5,5,7,1,3,1,0,0,0,0,232286,16542,350,164415,67518,12300,0,32682,28335,10136,9575,8,160,"JUNGLE","JUNGLE",1550,22,8,3,470,11986,0,0,31,FALSE,FALSE,FALSE,FALSE,NA,NA
"21",6,3,4,2,3,2,2,0,0,0,144999,30577,5951,135325,3722,24101,15660,9593,14541,12567,11550,194,8,"BOTTOM","BOTTOM",1473,13,7,2,776,4370,0,0,25,FALSE,FALSE,TRUE,FALSE,NA,NA
"22",5,7,1,2,2,1,0,0,0,0,175079,9193,101430,14556,59092,4869,137,14381,28440,8553,7750,7,146,"JUNGLE","JUNGLE",1329,15,3,5,330,13520,91,0,7,FALSE,FALSE,FALSE,FALSE,NA,NA
"23",4,6,4,1,2,1,0,0,0,0,282658,22023,147488,24470,110699,10644,169,28433,51933,11046,9700,46,176,"JUNGLE","JUNGLE",1772,17,4,2,437,25950,0,0,23,FALSE,FALSE,FALSE,FALSE,NA,NA
"24",14,7,15,4,5,2,3,0,0,0,119974,27778,0,107329,12644,9379,9379,24169,41617,15473,13505,163,0,"MIDDLE","MIDDLE",2185,29,7,8,485,14433,365,0,40,FALSE,FALSE,FALSE,FALSE,NA,NA
"25",3,6,17,0,0,1,0,0,0,0,16650,7334,10725,3036,2888,292,292,29279,20852,7265,6600,23,0,"BOTTOM","UTILITY",1446,69,29,6,420,8732,5584,846,43,FALSE,FALSE,FALSE,FALSE,NA,NA
"26",6,5,10,1,4,1,0,0,0,0,175679,26979,58410,98871,18397,11065,2913,12492,22682,13165,12783,229,12,"BOTTOM","BOTTOM",1798,22,9,6,543,5908,0,0,3,FALSE,FALSE,FALSE,FALSE,NA,NA
"27",8,2,5,3,3,2,1,0,0,0,107455,15996,36101,60480,10873,6242,5946,5154,10193,10222,8183,177,3,"NONE","MIDDLE",1088,11,5,1,481,2019,0,0,2,FALSE,TRUE,FALSE,FALSE,NA,NA
"28",3,6,2,1,2,1,0,0,0,0,110213,15469,83012,8489,18711,6592,6592,19165,30441,10346,9850,176,0,"MIDDLE","MIDDLE",1465,9,1,2,366,6405,0,0,20,FALSE,FALSE,FALSE,FALSE,NA,NA
"29",7,9,4,2,2,2,1,0,0,0,145441,25556,559,139462,5419,10831,5803,37938,30292,11726,10455,180,4,"TOP","TOP",1792,20,8,2,344,3556,0,0,37,FALSE,FALSE,FALSE,FALSE,NA,NA
"30",19,9,18,5,5,2,3,0,0,0,38004,27612,0,32062,5941,959,959,22851,30592,14211,13650,13,0,"BOTTOM","",1240,0,0,0,256,11519,0,0,43,FALSE,FALSE,FALSE,FALSE,NA,NA
"31",25,6,19,5,7,5,6,3,2,1,29256,20498,0,21603,7653,1201,1201,9293,17473,11876,9500,11,0,"NONE","",755,0,0,0,180,3940,0,0,32,FALSE,FALSE,FALSE,FALSE,NA,NA
"32",10,5,15,3,4,2,1,0,0,0,260271,23989,18713,188878,52679,23018,329,38579,37107,13202,12100,25,174,"JUNGLE","JUNGLE",1452,16,1,4,424,23603,0,0,19,FALSE,FALSE,FALSE,FALSE,NA,NA
"33",16,9,5,4,5,2,1,0,0,0,140442,45213,125235,10150,5056,3480,3341,19769,38451,14626,14375,177,0,"MIDDLE","MIDDLE",1877,20,7,4,793,2615,495,0,2,FALSE,FALSE,FALSE,FALSE,NA,NA
"34",11,3,3,2,5,2,2,0,0,0,273198,27627,258,264264,8675,16199,7788,42012,37220,18209,17550,291,9,"TOP","TOP",2107,30,10,6,1077,8501,0,0,35,FALSE,FALSE,TRUE,FALSE,NA,NA
"35",11,9,7,3,3,1,0,0,0,0,240037,17505,12283,163566,64186,36682,2125,35802,43319,13948,12250,31,145,"JUNGLE","JUNGLE",2022,40,19,0,588,21450,0,0,22,FALSE,FALSE,FALSE,FALSE,NA,NA
"36",6,9,50,1,3,1,0,0,0,0,22498,12984,18283,3991,223,2347,2347,17743,30662,11770,11550,13,0,"NONE","",1069,0,0,0,235,20143,9318,9504,18,FALSE,TRUE,FALSE,TRUE,NA,NA
"37",1,6,2,0,0,1,0,0,0,0,77358,5283,47605,3446,26307,18993,301,7961,18793,4605,4575,4,66,"NONE","JUNGLE",915,20,1,2,254,8542,0,0,22,FALSE,FALSE,FALSE,FALSE,NA,NA
"38",3,4,6,1,3,1,0,0,0,0,180576,13515,131070,12245,37261,7511,0,7295,18179,9126,8325,43,118,"JUNGLE","JUNGLE",1345,10,3,1,660,6679,0,0,18,FALSE,TRUE,FALSE,FALSE,NA,NA
"39",8,5,3,3,3,2,2,0,0,0,82264,13795,4042,70904,7316,1262,1262,6122,11304,8755,6600,135,0,"NONE","MIDDLE",1104,10,5,2,386,767,0,0,0,TRUE,FALSE,FALSE,FALSE,NA,NA
"40",12,6,15,2,6,4,1,1,1,0,329853,38862,0,266786,63067,15197,5387,58476,38318,19472,18750,338,0,"TOP","TOP",2414,23,7,2,698,18559,0,0,19,FALSE,FALSE,FALSE,FALSE,NA,NA
"41",4,6,1,1,2,2,1,0,0,0,146435,16318,6531,129031,10872,2502,2502,8553,17427,10698,9950,207,16,"BOTTOM","BOTTOM",1376,12,5,2,681,3232,0,0,9,FALSE,FALSE,FALSE,TRUE,NA,NA
"42",15,7,22,4,4,4,4,2,1,0,61198,25836,3869,57117,211,1923,1923,6039,13290,12427,11600,48,0,"NONE","",823,0,0,0,150,1985,0,0,22,TRUE,FALSE,TRUE,FALSE,NA,NA
"43",7,8,7,2,3,2,1,0,0,0,250266,27345,228598,15424,6242,5037,2293,26195,28528,15540,15000,313,0,"MIDDLE","MIDDLE",2117,19,3,4,340,500,0,0,2,FALSE,FALSE,FALSE,FALSE,NA,NA
"44",10,3,8,2,6,1,0,0,0,0,259904,21918,129050,20783,110071,37348,875,22616,40057,13163,11625,27,183,"JUNGLE","JUNGLE",1468,20,7,2,474,27217,90,0,23,FALSE,FALSE,FALSE,TRUE,NA,NA
"45",20,15,26,7,3,2,5,0,0,0,60824,36944,0,54867,5957,1349,1349,35056,45578,14892,13750,28,0,"JUNGLE","",1285,0,0,0,109,10891,0,0,63,FALSE,TRUE,TRUE,FALSE,NA,NA
"46",5,8,6,1,2,2,1,0,0,0,104446,15866,90639,7280,6526,2439,2439,22324,35849,11060,11430,171,0,"TOP","TOP",1679,17,7,4,404,9150,0,0,19,FALSE,FALSE,FALSE,FALSE,NA,NA
"47",0,3,23,0,0,0,0,0,0,0,17290,7934,7589,6136,3565,3000,1529,18307,12908,7267,6425,17,0,"MIDDLE","UTILITY",1326,50,17,6,484,609,0,550,48,FALSE,FALSE,FALSE,FALSE,NA,NA
"48",4,12,8,1,2,1,0,0,0,0,124974,22598,3572,118195,3206,4063,1705,64773,40395,10934,10750,182,0,"TOP","TOP",1955,18,8,6,394,2398,0,1602,53,TRUE,FALSE,FALSE,FALSE,NA,NA
"49",1,1,2,0,0,1,0,0,0,0,78028,8359,70808,4499,2720,1179,1179,15043,10632,6029,5460,137,0,"NONE","MIDDLE",1113,3,2,0,918,0,0,47,20,FALSE,FALSE,FALSE,FALSE,NA,NA
"50",0,1,0,0,0,0,0,0,0,0,61499,6600,1789,59710,0,112,0,5731,10933,4861,3875,120,0,"NONE","TOP",938,6,4,0,866,3461,0,0,5,FALSE,FALSE,FALSE,FALSE,NA,NA
"51",4,8,12,1,4,1,0,0,0,0,277240,33629,34084,208827,34328,15855,8982,18677,28199,16284,15975,305,16,"BOTTOM","BOTTOM",1876,23,10,6,565,5935,0,0,9,FALSE,FALSE,FALSE,FALSE,NA,NA
"52",4,7,4,1,3,1,0,0,0,0,234956,17651,21127,208442,5386,10088,3996,28223,28451,11686,11550,239,14,"TOP","TOP",1841,19,9,5,644,5703,0,0,24,FALSE,FALSE,FALSE,FALSE,NA,NA
"53",3,2,8,0,0,1,0,0,0,0,117656,13489,15493,99141,3022,9044,7357,14454,19503,9826,9000,185,6,"JUNGLE","TOP",1207,17,8,2,448,4990,0,0,17,FALSE,FALSE,FALSE,FALSE,NA,NA
"54",7,6,1,2,3,2,1,0,0,0,85733,14662,70868,13953,912,419,419,11141,22776,8417,7785,149,0,"MIDDLE","MIDDLE",1305,5,3,0,337,904,0,0,2,FALSE,FALSE,FALSE,FALSE,NA,NA
"55",7,2,6,2,3,1,0,0,0,0,152855,10222,0,112402,40453,27162,114,14626,18045,8439,6150,7,124,"NONE","JUNGLE",1104,16,5,1,686,10308,0,0,9,FALSE,FALSE,FALSE,FALSE,NA,NA
"56",1,6,3,0,0,1,0,0,0,0,43416,4902,279,38559,4578,2904,1271,4089,8639,5757,4100,103,4,"NONE","BOTTOM",938,13,5,4,241,557,0,0,5,FALSE,FALSE,FALSE,FALSE,NA,NA
"57",4,0,2,1,4,2,1,0,0,0,132808,14953,0,127412,5395,11476,6544,19986,16254,10499,9500,203,0,"TOP","TOP",1385,12,8,0,0,32,0,0,43,FALSE,FALSE,TRUE,FALSE,NA,NA
"58",4,7,5,1,2,1,0,0,0,0,127879,15687,881,126348,649,3817,3194,11292,20607,10324,9850,183,0,"BOTTOM","BOTTOM",1724,20,8,4,571,2709,0,0,19,FALSE,FALSE,FALSE,FALSE,NA,NA
"59",5,8,7,1,3,3,1,1,0,0,100397,16218,14856,81098,4443,5170,1950,7309,17584,9995,9875,157,0,"BOTTOM","BOTTOM",1510,16,9,2,335,2562,0,0,3,FALSE,FALSE,FALSE,FALSE,NA,NA
"60",1,5,2,0,0,1,0,0,0,0,101797,11002,89395,9040,3361,1963,1963,5354,12956,8475,7625,193,4,"MIDDLE","MIDDLE",1354,13,5,3,923,0,0,0,21,FALSE,FALSE,FALSE,FALSE,NA,NA
"61",12,6,3,1,9,2,3,0,0,0,135030,29665,45917,87648,1464,3164,3045,14069,21814,13632,13955,199,0,"BOTTOM","BOTTOM",1599,6,7,1,1025,3293,0,0,4,TRUE,FALSE,FALSE,FALSE,NA,NA
"62",1,4,13,0,0,1,0,0,0,0,19078,9790,11064,4777,3236,1463,1269,4987,11817,6670,5975,30,0,"BOTTOM","UTILITY",1327,54,24,13,381,10462,6175,976,34,FALSE,FALSE,FALSE,FALSE,NA,NA
"63",1,4,2,0,0,1,0,0,0,0,89133,4955,13231,42450,33451,3880,0,14452,18070,4966,4400,3,89,"NONE","JUNGLE",914,9,5,0,304,7961,0,0,19,FALSE,FALSE,FALSE,FALSE,NA,NA
"64",19,3,7,2,15,2,2,0,0,0,301160,39626,2531,253882,44747,21418,1568,14239,23675,17355,17275,55,163,"JUNGLE","JUNGLE",1827,32,8,6,1072,10136,0,0,26,FALSE,FALSE,FALSE,FALSE,NA,NA
"65",4,5,8,1,2,1,0,0,0,0,194978,27117,20954,169430,4593,14429,9046,33129,30914,14874,13350,251,4,"JUNGLE","TOP",1871,27,12,1,773,6585,0,0,24,FALSE,FALSE,TRUE,FALSE,NA,NA
"66",4,5,3,1,3,1,0,0,0,0,170078,18535,15123,152972,1983,10940,3338,23254,21067,11526,9925,234,4,"TOP","TOP",1585,16,6,2,959,5090,0,0,22,FALSE,FALSE,TRUE,FALSE,NA,NA
"67",9,3,7,1,9,1,0,0,0,0,163760,23257,0,159920,3840,13330,9227,24895,18958,13174,10800,181,19,"TOP","TOP",1520,10,5,1,452,3781,0,0,43,FALSE,FALSE,FALSE,FALSE,NA,NA
"68",13,2,9,2,7,5,1,1,1,1,126099,24233,41916,72880,11301,10363,10355,9070,12620,12877,12468,192,0,"BOTTOM","BOTTOM",1317,20,7,4,1038,2108,0,0,4,FALSE,FALSE,FALSE,FALSE,NA,NA
"69",7,1,0,2,5,1,0,0,0,0,62102,9682,2748,54094,5259,8166,8166,8566,14766,7223,6450,115,0,"NONE","TOP",954,8,5,0,684,7794,1526,0,6,FALSE,FALSE,TRUE,FALSE,NA,NA
"70",11,4,5,3,4,1,0,0,0,0,205296,41544,2144,185755,17396,7923,7923,35914,37997,15046,13958,232,4,"TOP","TOP",1897,19,6,4,772,23060,4040,0,15,FALSE,FALSE,FALSE,FALSE,NA,NA
"71",9,16,30,2,2,1,0,0,0,0,82771,40936,18382,62486,1902,783,783,192882,87479,16556,16300,35,0,"MIDDLE","",1643,0,0,0,138,12790,0,0,85,TRUE,FALSE,FALSE,FALSE,NA,NA
"72",16,4,13,3,8,3,4,1,0,0,169564,36569,5977,162479,1107,7149,4062,10023,16086,14534,22325,204,2,"BOTTOM","BOTTOM",1628,21,9,1,971,2221,0,0,34,FALSE,TRUE,FALSE,FALSE,NA,NA
"73",5,5,2,2,2,1,0,0,0,0,149441,24569,38127,100393,10920,1325,1325,12290,19277,11814,11458,234,0,"BOTTOM","BOTTOM",1632,8,5,1,586,1892,0,0,0,FALSE,FALSE,FALSE,FALSE,NA,NA
"74",4,5,24,2,2,2,1,0,0,0,27303,10644,19300,5729,2273,3655,292,19950,20209,9262,7300,19,0,"BOTTOM","UTILITY",1814,67,30,7,546,9546,5570,12081,71,FALSE,FALSE,FALSE,FALSE,NA,NA
"75",9,3,13,2,5,2,1,0,0,0,231315,34803,16541,208400,6374,29270,12515,43278,41535,16330,15958,265,12,"TOP","TOP",1953,30,12,4,670,7678,0,0,42,FALSE,TRUE,FALSE,FALSE,NA,NA
"76",3,1,19,1,3,1,0,0,0,0,209254,25457,193129,12303,3820,7943,5518,56773,30012,14741,13900,272,8,"MIDDLE","MIDDLE",2153,33,8,7,1849,5056,0,2265,47,FALSE,FALSE,TRUE,FALSE,NA,NA
"77",18,9,24,5,5,2,2,0,0,0,132012,46974,0,131197,815,4735,4735,14859,30564,15416,13650,101,0,"NONE","",1161,0,0,0,197,7529,0,0,37,FALSE,FALSE,FALSE,FALSE,NA,NA
"78",16,3,7,2,12,3,2,1,0,0,431701,34454,1845,364292,65562,68466,10089,19382,24469,19415,17550,98,205,"JUNGLE","JUNGLE",1873,35,6,6,435,13746,0,0,21,FALSE,FALSE,FALSE,TRUE,NA,NA
"79",9,7,16,2,5,3,2,1,0,0,228404,35791,26836,199511,2056,34533,10248,44716,41936,15224,15000,227,16,"MIDDLE","MIDDLE",2046,28,11,3,1070,10676,0,0,43,TRUE,FALSE,FALSE,TRUE,NA,NA
"80",31,6,24,7,10,4,6,3,2,0,99920,63736,88285,7046,4589,2065,2065,23599,26155,15819,14400,42,0,"NONE","",1067,0,0,0,218,11191,0,0,68,FALSE,TRUE,FALSE,FALSE,NA,NA
"81",2,8,30,0,0,1,0,0,0,0,26204,10928,12209,7187,6807,1082,391,37778,24975,9198,8525,28,2,"BOTTOM","UTILITY",1862,104,59,6,592,3180,539,1014,74,FALSE,TRUE,FALSE,FALSE,NA,NA
"82",2,3,3,1,2,1,0,0,0,0,117260,16483,95490,14055,7715,0,0,6902,14195,8580,8275,213,0,"MIDDLE","MIDDLE",1359,12,7,1,579,516,0,0,19,FALSE,FALSE,FALSE,FALSE,NA,NA
"83",8,4,11,1,5,2,1,0,0,0,179648,29089,60429,116136,3082,10352,2847,9139,19207,14945,13450,240,8,"BOTTOM","BOTTOM",1773,23,11,4,557,4025,0,0,2,FALSE,FALSE,FALSE,FALSE,NA,NA
"84",3,8,7,1,2,1,0,0,0,0,177736,20721,150,176492,1092,1107,977,10417,21228,12096,11250,245,0,"MIDDLE","BOTTOM",1901,21,7,7,480,3995,0,0,2,FALSE,FALSE,FALSE,FALSE,NA,NA
"85",3,7,6,0,0,1,0,0,0,0,169659,8914,10406,96383,62868,17924,409,18606,26015,9374,9050,36,122,"JUNGLE","JUNGLE",1557,17,6,5,371,9541,0,0,8,FALSE,FALSE,FALSE,FALSE,NA,NA
"86",10,8,31,2,4,2,2,0,0,0,46147,22102,39680,5642,825,1143,1143,57373,45734,12475,10200,19,0,"NONE","",997,0,0,0,136,21352,0,0,58,FALSE,TRUE,FALSE,FALSE,NA,NA
"87",7,5,4,2,3,2,1,0,0,0,179464,20604,13231,162203,4029,3315,3315,10504,18738,12901,11500,241,16,"MIDDLE","MIDDLE",1542,15,6,5,389,3196,0,0,7,FALSE,FALSE,FALSE,FALSE,NA,NA
"88",4,4,13,2,2,1,0,0,0,0,39204,16332,2622,30361,6220,4638,1816,31128,27453,9965,8350,37,0,"BOTTOM","UTILITY",1955,116,61,11,855,5692,0,239,43,TRUE,FALSE,FALSE,FALSE,NA,NA
"89",10,7,16,2,7,3,2,1,0,0,45687,14835,1760,43074,851,1362,1362,3976,10543,8427,8050,57,0,"NONE","",569,0,0,0,89,156,0,0,6,FALSE,TRUE,TRUE,FALSE,NA,NA
"90",8,1,5,1,8,2,1,0,0,0,64182,9729,0,56002,8180,3750,1608,5805,9039,7613,6950,125,2,"NONE","TOP",921,5,3,0,801,3837,0,0,6,TRUE,FALSE,FALSE,FALSE,NA,NA
"91",6,1,6,2,4,1,0,0,0,0,205637,9191,124133,19441,62061,39213,7550,11804,21544,10438,8700,31,147,"JUNGLE","JUNGLE",1255,23,5,6,481,18648,2017,0,3,FALSE,FALSE,FALSE,FALSE,NA,NA
"92",2,10,5,0,0,1,0,0,0,0,154650,20835,51657,88288,14704,9481,6646,15550,24160,9499,8033,186,10,"BOTTOM","BOTTOM",1628,14,9,4,212,1765,0,0,3,FALSE,FALSE,FALSE,FALSE,NA,NA
"93",2,12,2,0,0,1,0,0,0,0,117942,13353,14004,102664,1273,1218,0,19681,30742,8544,7800,160,5,"MIDDLE","MIDDLE",1628,11,8,0,324,2433,0,0,16,FALSE,FALSE,FALSE,FALSE,NA,NA
"94",2,3,10,0,0,1,0,0,0,0,12295,4966,5122,3540,3631,0,0,10051,10934,4852,4225,17,0,"NONE","UTILITY",916,30,15,2,321,4182,2202,504,42,FALSE,FALSE,FALSE,FALSE,NA,NA
"95",14,2,6,3,9,2,1,0,0,0,255754,60384,212316,25368,18069,11707,5911,11085,17861,17254,16075,270,2,"BOTTOM","BOTTOM",1931,21,8,0,1112,2258,0,0,16,FALSE,FALSE,FALSE,FALSE,NA,NA
"96",5,6,20,1,3,2,1,0,0,0,439684,45298,298275,23074,118335,49016,2813,57859,63955,17792,16925,42,256,"JUNGLE","JUNGLE",2534,50,4,12,565,51299,13387,0,20,FALSE,FALSE,FALSE,TRUE,NA,NA
"97",10,12,31,3,3,2,1,0,0,0,94150,39496,88577,3301,2271,1597,1597,18231,29621,13116,12850,44,0,"TOP","",1223,0,0,0,301,1105,0,0,79,FALSE,TRUE,FALSE,FALSE,NA,NA
"98",4,3,7,1,4,2,1,0,0,0,198110,31279,28027,145295,24786,5269,2778,13214,22574,11971,11600,246,0,"TOP","TOP",1811,33,12,4,871,4163,0,0,12,FALSE,FALSE,FALSE,FALSE,NA,NA
"99",13,3,8,2,8,3,2,1,0,0,203646,20309,39592,107615,56437,47446,3600,27268,32509,13072,10933,23,129,"JUNGLE","JUNGLE",1450,21,4,3,805,20021,0,0,27,FALSE,FALSE,FALSE,FALSE,NA,NA
"100",6,4,5,2,3,1,0,0,0,0,283340,13682,38880,151029,93431,44768,3030,37199,34489,11612,10200,8,189,"JUNGLE","JUNGLE",1824,27,10,1,806,22266,0,665,15,FALSE,FALSE,FALSE,FALSE,NA,NA
"101",1,4,27,0,0,1,0,0,0,0,33659,19097,19470,11829,2358,4172,3024,27488,24363,10175,8450,33,0,"MIDDLE","UTILITY",2215,157,84,16,732,9579,3868,4726,90,FALSE,FALSE,FALSE,FALSE,NA,NA
"102",0,6,7,0,0,0,0,0,0,0,13095,4758,9408,1945,1741,931,0,4046,12610,5800,5075,23,0,"BOTTOM","UTILITY",1561,47,21,2,588,17720,15108,1089,28,FALSE,FALSE,FALSE,FALSE,NA,NA
"103",0,1,1,0,0,0,0,0,0,0,5079,725,59,4964,56,166,166,398,1429,1556,1375,25,0,"NONE","BOTTOM",294,0,0,0,229,180,0,0,1,FALSE,FALSE,FALSE,FALSE,NA,NA
"104",0,0,0,0,0,0,0,0,0,0,272,0,272,0,0,0,0,0,0,501,500,0,0,"NONE","UTILITY",110,0,0,0,0,0,0,0,0,FALSE,FALSE,FALSE,FALSE,NA,NA
"105",6,9,12,2,3,1,0,0,0,0,158121,30440,143471,12856,1793,3936,1099,15404,32461,11773,10835,186,4,"MIDDLE","MIDDLE",2050,29,8,2,692,4746,0,0,41,FALSE,FALSE,FALSE,FALSE,NA,NA
"106",7,7,8,1,5,2,1,0,0,0,11870,8376,0,9861,2008,131,0,4990,11763,7386,6375,18,0,"MIDDLE","UTILITY",1265,75,34,10,303,1416,0,0,28,FALSE,TRUE,FALSE,FALSE,NA,NA
"107",4,3,10,1,2,1,0,0,0,0,221433,8976,54342,26856,140233,58126,7054,27676,38860,10384,9875,15,155,"JUNGLE","JUNGLE",1407,18,1,5,460,26015,0,0,21,FALSE,FALSE,FALSE,FALSE,NA,NA
"108",12,6,4,2,5,3,3,1,0,0,200629,30926,166830,13334,20465,6136,5850,12114,26810,15026,14575,232,4,"MIDDLE","MIDDLE",1826,28,12,3,536,5868,0,0,9,FALSE,FALSE,FALSE,FALSE,NA,NA
"109",6,6,6,1,3,2,1,0,0,0,219257,32815,187952,16350,14954,11023,3845,12646,23987,14104,13750,263,4,"TOP","MIDDLE",2070,39,15,2,538,2803,665,0,29,FALSE,FALSE,FALSE,FALSE,NA,NA
"110",2,5,30,1,2,1,0,0,0,0,62806,22624,49186,8671,4948,7030,2442,14834,24760,10487,8725,37,0,"BOTTOM","UTILITY",2139,88,40,3,1128,21720,15748,8660,62,FALSE,FALSE,FALSE,FALSE,NA,NA
"111",7,11,9,2,2,1,0,0,0,0,40431,15136,0,39302,1129,0,0,27847,21711,9342,9300,37,0,"NONE","",815,0,0,0,88,2690,0,0,9,FALSE,FALSE,FALSE,FALSE,NA,NA
"112",2,3,1,1,2,1,0,0,0,0,116090,6734,6794,75386,33909,11420,0,10547,18614,5339,5075,3,101,"NONE","JUNGLE",948,15,6,1,723,10104,0,0,9,FALSE,FALSE,FALSE,FALSE,NA,NA
"113",3,3,6,1,2,1,0,0,0,0,141176,16779,127911,12219,1045,6103,4942,8191,12713,10286,9750,194,5,"BOTTOM","BOTTOM",1402,9,7,0,506,939,202,1081,25,FALSE,TRUE,FALSE,FALSE,NA,NA
"114",16,12,29,5,3,2,1,0,0,0,95546,37200,576,90261,4708,2136,2136,44084,39574,14198,12200,64,0,"NONE","",1064,0,0,0,100,5153,0,0,40,FALSE,FALSE,FALSE,TRUE,NA,NA
"115",2,5,4,0,0,1,0,0,0,0,151229,7424,85394,19819,46015,7706,320,13945,24395,6966,6125,9,122,"JUNGLE","JUNGLE",1205,19,5,2,427,13890,0,0,15,FALSE,FALSE,FALSE,FALSE,NA,NA
"116",3,5,7,1,3,1,0,0,0,0,185508,19781,0,182010,3497,6975,6832,13716,25742,11944,11400,227,8,"MIDDLE","MIDDLE",1853,22,8,2,754,3377,0,0,4,FALSE,TRUE,FALSE,FALSE,NA,NA
"117",4,5,6,2,2,1,0,0,0,0,102821,16396,91055,5998,5766,6710,6710,4107,10734,8903,8025,152,1,"NONE","MIDDLE",1193,13,7,1,301,0,0,0,39,FALSE,FALSE,FALSE,FALSE,NA,NA
"118",7,7,27,2,2,1,0,0,0,0,67190,20069,0,63640,3550,1493,1493,33848,31457,12073,10583,69,0,"NONE","",1020,0,0,0,311,5793,0,0,26,FALSE,FALSE,FALSE,FALSE,NA,NA
"119",14,2,8,2,10,4,2,1,1,0,213970,36176,190435,16504,7030,16298,11210,9275,14981,15930,15650,255,8,"MIDDLE","MIDDLE",1539,35,11,10,892,2173,0,2168,24,TRUE,FALSE,TRUE,FALSE,NA,NA
"120",0,9,3,0,0,0,0,0,0,0,23054,4634,14686,4382,3985,2784,43,12472,19485,5779,5375,19,0,"BOTTOM","UTILITY",1785,58,30,3,340,402,0,4239,19,FALSE,FALSE,FALSE,FALSE,NA,NA
"121",7,13,22,1,2,1,0,0,0,0,33028,18275,29434,2170,1423,2371,2371,22314,40073,9461,7700,10,0,"NONE","",858,0,0,0,103,17237,0,0,48,FALSE,TRUE,FALSE,TRUE,NA,NA
"122",11,6,15,2,4,2,1,0,0,0,197686,41847,173591,22546,1548,11801,4602,11849,22317,16500,15350,241,4,"MIDDLE","MIDDLE",2050,33,8,5,666,2265,0,0,36,FALSE,FALSE,TRUE,FALSE,NA,NA
"123",6,8,14,1,3,1,0,0,0,0,162766,24784,141269,14100,7397,5415,2389,10180,21456,12492,12600,194,0,"BOTTOM","BOTTOM",1833,17,9,3,403,2851,308,2501,49,FALSE,FALSE,FALSE,FALSE,NA,NA
"124",0,0,0,0,0,0,0,0,0,0,61,61,12,48,0,0,0,0,0,501,500,0,0,"NONE","TOP",110,0,0,0,0,0,0,0,0,FALSE,FALSE,FALSE,FALSE,NA,NA
"125",15,7,37,6,3,2,4,0,0,0,104800,46308,18688,80708,5403,4201,4201,10752,19517,12963,11683,96,0,"NONE","",887,0,0,0,184,1369,0,0,18,FALSE,TRUE,FALSE,TRUE,NA,NA
"126",26,5,13,5,7,4,7,4,2,0,75092,47734,9197,64197,1696,488,488,26722,26123,14263,11600,28,0,"NONE","",910,0,0,0,314,13068,677,187,31,TRUE,FALSE,FALSE,TRUE,NA,NA
"127",6,7,6,0,0,1,0,0,0,0,217115,25052,182412,26483,8219,13602,4961,15068,25888,15282,13200,291,0,"MIDDLE","MIDDLE",2117,43,13,10,490,1993,0,0,22,TRUE,FALSE,FALSE,FALSE,NA,NA
"128",3,8,0,1,2,1,0,0,0,0,149847,11377,74623,27187,48036,3506,3506,14171,19898,9275,9150,196,4,"TOP","TOP",1402,12,7,1,348,1421,0,0,2,FALSE,FALSE,FALSE,FALSE,NA,NA
"129",2,7,1,0,0,1,0,0,0,0,40439,8207,7890,25892,6656,0,0,3400,10330,5471,4300,96,0,"NONE","BOTTOM",1055,8,4,2,309,50,0,0,1,FALSE,FALSE,FALSE,FALSE,NA,NA
"130",8,6,8,2,3,3,1,1,0,0,147971,29865,23266,118240,6464,16810,9314,9298,16843,13222,9300,212,8,"BOTTOM","BOTTOM",1697,22,7,4,328,2067,0,0,50,FALSE,FALSE,FALSE,FALSE,NA,NA
"131",4,2,6,1,4,2,1,0,0,0,111616,20464,95782,9102,6731,9233,9180,3950,8599,12119,9075,179,0,"JUNGLE","TOP",1236,12,7,1,414,597,0,0,37,FALSE,FALSE,FALSE,FALSE,NA,NA
"132",4,4,18,1,2,1,0,0,0,0,53218,15065,43116,6710,3391,5051,2436,9534,13260,10172,9475,55,4,"JUNGLE","UTILITY",1664,72,27,13,521,2288,577,3020,45,FALSE,FALSE,FALSE,TRUE,NA,NA
"133",1,11,10,0,0,1,0,0,0,0,230636,29306,28985,180271,21378,6818,1810,37128,34046,12443,12325,244,1,"TOP","TOP",2079,16,11,3,588,7968,0,0,40,FALSE,FALSE,FALSE,FALSE,NA,NA
"134",3,1,0,1,2,1,0,0,0,0,132632,2017,18895,74684,39052,13079,0,6647,14859,6081,5400,3,123,"NONE","JUNGLE",915,11,2,2,453,12166,0,0,3,TRUE,FALSE,FALSE,FALSE,NA,NA
"135",3,4,23,1,3,1,0,0,0,0,25595,8276,13328,5848,6418,5270,550,38427,18765,8777,7750,29,0,"BOTTOM","UTILITY",1654,60,24,8,849,2322,0,1744,46,FALSE,FALSE,FALSE,FALSE,NA,NA
"136",3,6,7,1,2,1,0,0,0,0,169851,17588,106100,13661,50088,17624,0,9193,24740,7711,6850,20,109,"JUNGLE","JUNGLE",1299,19,7,4,271,11152,0,0,20,FALSE,FALSE,FALSE,FALSE,NA,NA
"137",11,2,6,2,7,3,1,1,0,0,203721,32747,19114,170336,14270,28588,14381,22655,26165,14538,12333,219,4,"MIDDLE","TOP",1770,23,8,5,1375,3315,0,0,46,FALSE,FALSE,FALSE,TRUE,NA,NA
"138",3,7,2,0,0,1,0,0,0,0,145022,15882,55663,77288,12070,2469,2469,11114,24754,10314,10033,210,4,"MIDDLE","MIDDLE",1627,8,6,0,383,3874,0,0,0,FALSE,FALSE,FALSE,FALSE,NA,NA
"139",2,5,13,0,0,1,0,0,0,0,21164,7950,13135,4612,3416,935,374,20237,17447,6893,6550,20,0,"BOTTOM","UTILITY",1489,73,41,5,404,5727,1881,4950,35,FALSE,FALSE,FALSE,FALSE,NA,NA
"140",1,9,2,0,0,1,0,0,0,0,137046,14547,66425,23956,46664,2402,1770,17996,29268,8291,7400,177,4,"TOP","TOP",1651,9,6,1,301,3382,0,0,5,FALSE,FALSE,FALSE,FALSE,NA,NA
"141",4,2,16,1,4,1,0,0,0,0,195253,36100,3062,174357,17834,17867,7487,7442,12930,14178,12900,246,8,"MIDDLE","BOTTOM",2166,61,15,9,960,3071,0,0,63,FALSE,FALSE,FALSE,FALSE,NA,NA
"142",10,7,7,3,3,2,1,0,0,0,214144,19665,31265,101061,81818,36897,0,54104,49055,10885,10825,14,128,"JUNGLE","JUNGLE",1850,26,5,2,510,15658,0,0,42,FALSE,FALSE,FALSE,FALSE,NA,NA
"143",20,3,6,2,16,4,3,1,1,0,289643,47364,72518,180668,36457,17732,6900,18379,28223,20175,18108,290,27,"BOTTOM","BOTTOM",1948,28,12,5,933,8752,0,0,3,FALSE,FALSE,TRUE,FALSE,NA,NA
"144",10,11,23,2,3,2,1,0,0,0,132129,41978,111935,16264,3929,1914,1914,29840,31483,14126,13400,100,0,"TOP","",1232,0,0,0,183,2489,0,0,1,FALSE,FALSE,FALSE,TRUE,NA,NA
"145",14,4,21,4,5,4,4,2,1,0,26649,14935,752,25184,712,443,443,4990,10336,8003,7225,19,0,"NONE","",496,0,0,0,130,2402,0,0,10,FALSE,TRUE,TRUE,FALSE,NA,NA
"146",6,8,7,1,3,1,0,0,0,0,118047,25325,117165,658,222,2747,165,8818,21470,10348,10000,169,2,"BOTTOM","BOTTOM",1597,14,8,1,391,2139,0,0,22,TRUE,FALSE,FALSE,FALSE,NA,NA
"147",1,6,3,0,0,1,0,0,0,0,198366,11949,97184,19368,81813,16190,0,14981,34576,7850,7650,7,146,"JUNGLE","JUNGLE",1338,22,3,2,315,20535,0,0,15,FALSE,FALSE,FALSE,FALSE,NA,NA
"148",2,9,7,1,2,1,0,0,0,0,20132,7101,7625,9283,3224,3792,0,29874,19334,6939,6775,23,4,"MIDDLE","UTILITY",1682,84,44,8,681,160,0,1072,49,FALSE,TRUE,FALSE,FALSE,NA,NA
"149",2,9,10,0,0,1,0,0,0,0,151636,23627,19314,121647,10673,8395,5409,17107,28815,11115,11050,215,0,"BOTTOM","BOTTOM",1836,19,9,4,477,4159,0,0,7,FALSE,FALSE,FALSE,FALSE,NA,NA
"150",4,7,3,2,2,1,0,0,0,0,109623,15210,64019,45604,0,2291,1572,61948,43783,9362,8500,185,0,"TOP","TOP",1679,15,8,1,408,3880,0,0,39,FALSE,FALSE,FALSE,FALSE,NA,NA
"151",6,3,4,2,3,1,0,0,0,0,192688,17237,17152,123019,52515,30297,9619,31471,40979,11047,10783,37,110,"JUNGLE","JUNGLE",1514,16,6,5,905,22584,0,0,17,FALSE,FALSE,FALSE,FALSE,NA,NA
"152",10,5,2,2,4,2,2,0,0,0,106709,14891,294,105985,428,13712,2479,9897,12465,11750,10350,163,4,"BOTTOM","BOTTOM",1331,10,4,3,348,3418,0,0,5,FALSE,FALSE,FALSE,FALSE,NA,NA
"153",3,4,20,0,0,1,0,0,0,0,29949,13912,1472,26637,1838,4603,2624,6556,13251,8408,7475,18,0,"BOTTOM","UTILITY",1700,73,35,3,744,18401,14250,4665,40,FALSE,FALSE,FALSE,FALSE,NA,NA
"154",6,1,1,1,6,2,2,0,0,0,113990,6950,43589,22703,47697,2632,0,9283,16487,6852,5300,7,102,"NONE","JUNGLE",912,12,5,0,271,10500,0,0,5,FALSE,FALSE,FALSE,FALSE,NA,NA
"155",8,18,32,2,2,2,1,0,0,0,69078,33642,10810,54275,3991,53,53,65155,60812,14167,13700,45,0,"TOP","",1419,0,0,0,114,8531,0,0,32,FALSE,FALSE,FALSE,FALSE,NA,NA
"156",2,6,5,1,2,1,0,0,0,0,11076,4919,7784,1844,1447,0,0,8858,16119,6327,5325,20,0,"BOTTOM","UTILITY",1549,66,28,9,442,1667,1039,2296,16,TRUE,FALSE,FALSE,FALSE,NA,NA
"157",4,9,7,1,3,1,0,0,0,0,128406,20167,114057,10147,4200,0,0,11976,22475,9793,9875,190,2,"MIDDLE","MIDDLE",1695,12,8,3,645,1822,0,0,36,FALSE,FALSE,FALSE,FALSE,NA,NA
"158",0,0,0,0,0,0,0,0,0,0,129,129,17,112,0,0,0,0,0,500,500,0,0,"NONE","UTILITY",108,0,0,0,0,0,0,11,0,FALSE,FALSE,FALSE,FALSE,NA,NA
"159",3,0,3,1,3,1,0,0,0,0,157248,5788,29227,86176,41845,19009,434,6937,13818,6879,5600,4,137,"NONE","JUNGLE",913,5,0,0,0,9248,0,0,4,FALSE,TRUE,FALSE,FALSE,NA,NA
"160",0,2,3,0,0,0,0,0,0,0,7901,2852,3140,2773,1987,244,0,3649,5871,3662,3225,25,0,"NONE","UTILITY",948,34,12,8,626,0,0,319,22,FALSE,FALSE,FALSE,FALSE,NA,NA
"161",4,1,12,2,2,2,1,0,0,0,120334,14682,67093,13733,39507,5991,5020,2816,9629,10859,10225,201,0,"MIDDLE","MIDDLE",1471,15,1,4,1072,2970,0,0,12,FALSE,FALSE,FALSE,FALSE,NA,NA
"162",7,12,10,2,2,2,1,0,0,0,150534,30191,15948,134361,224,7488,3497,29651,43204,11840,11380,192,8,"TOP","TOP",1853,13,7,1,305,12298,0,0,28,FALSE,FALSE,FALSE,FALSE,NA,NA
"163",1,3,2,0,0,1,0,0,0,0,119762,13005,2853,113759,3149,6492,6492,17002,19174,8953,8933,217,0,"TOP","TOP",1373,14,9,1,867,11685,3098,0,3,FALSE,FALSE,FALSE,FALSE,NA,NA
"164",13,10,8,4,4,2,2,0,0,0,182957,52224,139527,36627,6803,13793,7558,24027,33441,14969,13075,202,1,"TOP","TOP",1971,25,13,1,399,5725,0,0,56,FALSE,FALSE,FALSE,FALSE,NA,NA
"165",10,1,13,2,6,2,3,0,0,0,160073,31577,42469,97030,20573,10515,10515,6491,11681,12923,11250,193,13,"BOTTOM","BOTTOM",1255,10,4,2,702,3269,0,0,10,FALSE,FALSE,TRUE,FALSE,NA,NA
"166",9,4,11,2,6,3,1,1,0,0,34116,17059,0,29717,4398,3539,3188,12097,15155,9343,9125,30,4,"NONE","UTILITY",1136,53,25,8,341,3725,0,0,9,FALSE,FALSE,FALSE,TRUE,NA,NA
"167",8,6,18,2,4,2,1,0,0,0,313852,41194,192787,20442,100623,5415,2126,18083,32432,17116,16750,318,1,"MIDDLE","MIDDLE",2378,22,3,7,610,7154,0,0,26,FALSE,FALSE,FALSE,FALSE,NA,NA
"168",23,7,8,5,7,3,7,2,0,0,61145,40694,52053,6130,2961,639,639,15434,20596,12945,12550,25,0,"NONE","",975,0,0,0,247,3054,0,0,2,FALSE,FALSE,FALSE,FALSE,NA,NA
"169",6,9,9,2,3,1,0,0,0,0,157100,27540,101996,11557,43545,9166,0,24033,37672,10163,9850,2,120,"JUNGLE","JUNGLE",1958,14,8,1,704,16211,0,0,15,FALSE,FALSE,FALSE,FALSE,NA,NA
"170",10,7,10,3,3,2,1,0,0,0,55031,21138,13455,41576,0,985,985,17374,24342,12102,11250,58,0,"NONE","",1046,0,0,0,363,5402,467,0,0,FALSE,FALSE,FALSE,FALSE,NA,NA
"171",4,3,1,1,3,1,0,0,0,0,140442,19458,104720,18660,17061,8086,4892,11947,20491,8944,8025,179,5,"JUNGLE","TOP",1408,26,10,3,1169,3794,0,0,8,FALSE,FALSE,FALSE,FALSE,NA,NA
"172",3,4,4,1,2,1,0,0,0,0,71361,10253,59805,10332,1224,4664,4664,10580,14566,8327,6950,138,0,"BOTTOM","BOTTOM",1222,1,1,1,382,4209,0,0,30,FALSE,FALSE,FALSE,FALSE,NA,NA
"173",5,10,16,0,0,1,0,0,0,0,34640,22457,30946,2897,796,1,1,9912,20378,9045,8625,21,0,"BOTTOM","UTILITY",1597,46,16,6,233,399,0,0,47,TRUE,FALSE,FALSE,FALSE,NA,NA
"174",2,5,4,1,2,1,0,0,0,0,86020,12871,0,85195,824,923,923,12419,20106,7958,7683,137,4,"TOP","TOP",1526,18,10,0,431,2386,0,0,20,FALSE,FALSE,FALSE,FALSE,NA,NA
"175",3,7,8,1,2,1,0,0,0,0,122891,20037,23154,97823,1913,2103,986,31177,31623,9275,9050,181,8,"MIDDLE","MIDDLE",1626,12,8,0,647,3585,0,0,38,FALSE,TRUE,FALSE,FALSE,NA,NA
"176",8,3,5,1,7,2,1,0,0,0,124285,18152,6588,104356,13339,4154,1490,43126,25914,10742,10325,170,0,"TOP","TOP",1727,15,8,2,1373,2507,0,1294,29,FALSE,FALSE,FALSE,FALSE,NA,NA
"177",0,1,26,0,0,0,0,0,0,0,32756,10737,24317,6230,2208,3433,1485,6084,15741,8633,7200,31,0,"BOTTOM","UTILITY",1781,77,32,8,1327,17853,10771,2592,32,FALSE,FALSE,FALSE,FALSE,NA,NA
"178",11,9,18,3,4,1,0,0,0,0,258210,37050,65168,134475,58566,53817,5209,49267,56515,15920,15625,46,151,"TOP","JUNGLE",1793,45,14,7,410,33438,0,0,51,TRUE,FALSE,FALSE,FALSE,NA,NA
"179",9,2,12,2,5,3,2,1,0,0,320896,32475,216445,10345,94103,56081,261,23310,44278,14710,13200,35,201,"JUNGLE","JUNGLE",1978,50,5,4,1398,32936,0,0,72,FALSE,FALSE,FALSE,FALSE,NA,NA
"180",2,1,6,1,2,1,0,0,0,0,70747,6286,43311,23739,3696,2377,2377,2599,4776,7586,6625,153,0,"NONE","BOTTOM",969,9,5,2,751,1196,0,0,8,FALSE,FALSE,FALSE,FALSE,NA,NA
"181",8,9,23,2,2,2,1,0,0,0,81686,27609,0,81085,600,2597,2597,8617,19713,12966,11850,67,0,"NONE","",974,0,0,0,265,1460,0,0,4,FALSE,FALSE,FALSE,TRUE,NA,NA
"182",1,5,6,0,0,1,0,0,0,0,10769,5110,4165,3873,2730,538,0,8560,10946,4299,3525,11,0,"NONE","UTILITY",921,25,15,1,263,326,114,0,26,FALSE,FALSE,FALSE,FALSE,NA,NA
"183",3,6,37,1,3,3,1,1,0,0,44844,18312,5688,35006,4150,953,953,5513,12447,7596,7883,39,0,"NONE","",616,0,0,0,127,1424,131,0,9,FALSE,TRUE,FALSE,FALSE,NA,NA
"184",2,6,60,1,2,1,0,0,0,0,32635,18684,27959,2924,1751,1825,1825,15966,24283,14812,13900,16,0,"MIDDLE","",1433,0,0,0,359,31187,20938,39440,83,FALSE,FALSE,FALSE,TRUE,NA,NA
"185",7,8,19,2,2,2,1,0,0,0,187991,30553,3341,176451,8198,9966,6901,19191,28832,16717,14825,257,5,"BOTTOM","BOTTOM",2327,35,11,4,591,3197,0,0,69,FALSE,FALSE,FALSE,FALSE,NA,NA
"186",4,1,6,1,4,1,0,0,0,0,168503,17301,9343,158182,978,11908,9745,21602,27494,12619,11425,229,8,"TOP","TOP",1492,14,6,0,903,14612,0,0,18,FALSE,FALSE,FALSE,FALSE,NA,NA
"187",4,6,1,1,2,1,0,0,0,0,165962,8687,18735,104235,42991,5582,0,11075,23422,8556,8125,12,143,"JUNGLE","JUNGLE",1393,13,2,3,392,11396,0,0,6,FALSE,FALSE,FALSE,FALSE,NA,NA
"188",5,10,5,0,0,1,0,0,0,0,110111,26152,39635,62773,7703,2723,2009,13602,23902,9973,9608,182,0,"TOP","BOTTOM",1567,7,7,0,252,1052,0,0,0,FALSE,TRUE,FALSE,FALSE,NA,NA
"189",16,3,10,2,8,2,2,0,0,0,190273,42782,0,186027,4246,13714,10250,62252,34567,16268,15500,195,14,"TOP","TOP",1714,20,9,1,1021,14751,0,0,19,FALSE,FALSE,TRUE,FALSE,NA,NA
"190",5,2,2,1,4,1,0,0,0,0,137726,20159,11973,121760,3992,17308,7612,13352,20899,9904,8258,194,3,"TOP","TOP",1395,15,9,0,715,4774,0,0,33,FALSE,FALSE,FALSE,FALSE,NA,NA
"191",20,10,11,6,6,3,3,1,0,0,360879,78863,85397,229177,46303,47698,8798,33559,45800,22436,25778,315,15,"BOTTOM","BOTTOM",2435,20,6,9,780,17534,0,0,4,FALSE,FALSE,FALSE,TRUE,NA,NA
"192",4,6,14,1,2,1,0,0,0,0,180616,13278,73817,39188,67611,15291,371,42194,26851,10167,9875,15,134,"JUNGLE","JUNGLE",1511,18,3,3,443,17996,5112,1078,31,FALSE,FALSE,FALSE,FALSE,NA,NA
"193",17,16,44,5,4,3,3,1,0,0,165522,65557,0,158412,7110,0,0,134115,79501,20497,19350,92,0,"TOP","",1811,0,0,0,180,20365,0,0,27,FALSE,FALSE,FALSE,FALSE,NA,NA
"194",10,9,15,4,2,1,0,0,0,0,73188,28800,1659,67583,3945,2071,2071,13044,20362,11921,11050,61,0,"NONE","",999,0,0,0,252,3545,0,0,23,FALSE,TRUE,TRUE,FALSE,NA,NA
"195",6,4,5,2,4,1,0,0,0,0,123078,18165,98707,20381,3989,13539,13102,9816,20823,11482,9550,179,0,"JUNGLE","TOP",1595,12,7,0,352,3958,0,0,6,FALSE,FALSE,FALSE,FALSE,NA,NA
"196",2,1,0,1,2,1,0,0,0,0,55337,5583,42600,9045,3691,601,601,3071,6790,4838,4425,113,0,"NONE","TOP",764,8,4,1,376,126,0,0,3,FALSE,FALSE,FALSE,FALSE,NA,NA
"197",6,8,11,2,3,2,1,0,0,0,30444,11633,26543,3505,395,0,0,16087,23376,8211,7700,21,0,"NONE","",697,0,0,0,147,4899,0,0,9,FALSE,FALSE,FALSE,FALSE,NA,NA
"198",0,1,0,0,0,0,0,0,0,0,19493,2451,1732,17610,150,420,420,842,2562,3233,1400,79,0,"NONE","TOP",521,4,3,0,253,395,0,0,0,FALSE,FALSE,FALSE,FALSE,NA,NA
"199",8,6,6,3,3,2,1,0,0,0,434442,26731,2728,357440,74272,43716,9201,18690,25567,16986,14600,93,212,"JUNGLE","JUNGLE",2053,29,2,7,510,10352,0,0,26,FALSE,FALSE,FALSE,FALSE,NA,NA
"200",23,14,24,7,4,3,4,1,0,0,77291,44534,13308,60077,3904,4149,4149,26937,28881,16339,14600,42,0,"MIDDLE","",1202,0,0,0,93,1941,0,0,20,FALSE,FALSE,FALSE,TRUE,NA,NA
"201",22,5,9,2,16,3,6,1,0,0,359847,61370,0,330465,29382,22264,8992,43197,46066,24454,22000,317,12,"BOTTOM","BOTTOM",2312,17,11,3,495,23650,1656,1196,19,FALSE,FALSE,FALSE,FALSE,NA,NA
"202",6,4,18,2,2,1,0,0,0,0,284560,33342,138272,58587,87697,51732,2084,80580,49708,13392,11375,39,163,"JUNGLE","JUNGLE",2046,23,4,7,626,29553,0,0,40,FALSE,FALSE,FALSE,FALSE,NA,NA
"203",7,5,17,3,2,1,0,0,0,0,178634,32351,154847,10233,13553,11401,5243,9821,20050,15042,15000,216,4,"BOTTOM","BOTTOM",1715,11,8,2,538,3653,0,0,44,FALSE,FALSE,TRUE,FALSE,NA,NA
"204",5,2,11,2,3,1,0,0,0,0,132810,21603,117537,14417,855,3604,2281,9035,16873,9962,9175,186,0,"MIDDLE","MIDDLE",1543,19,7,3,1292,5685,2255,617,31,FALSE,FALSE,FALSE,FALSE,NA,NA
"205",1,2,7,0,0,1,0,0,0,0,149464,20341,139928,8702,832,3512,613,6465,11396,9263,8550,225,0,"BOTTOM","BOTTOM",1497,9,7,1,945,1041,0,2038,18,FALSE,FALSE,FALSE,FALSE,NA,NA
