"","kills","deaths","assists","total_damage_dealt","total_damage_dealt_to_champions","magic_damage_dealt","physical_damage_dealt","true_damage_dealt","damage_dealt_to_objectives","damage_dealt_to_turrets","damage_self_mitigated","total_damage_taken","gold_earned","gold_spent","total_minions_killed","neutral_minions_killed","lane","team_position","time_played","vision_score","wards_placed","wards_killed","longest_time_spent_living","total_heal","total_heals_on_teammates","total_damage_shielded_on_teammates","time_c_cing_others","first_blood_kill","first_blood_assist","first_tower_kill","first_tower_assist"
"1",16,9,2,315725,62601,201453,43781,70489,42961,18443,46574,57922,20534,21150,272,16,"TOP","TOP",2141,26,11,5,501,19868,0,0,14,FALSE,FALSE,FALSE,FALSE
"2",1,4,2,51400,10165,0,48905,2495,88,0,12406,15391,5164,5670,111,0,"NONE","MIDDLE",938,15,5,2,421,997,0,0,6,FALSE,FALSE,FALSE,FALSE
"3",7,4,8,142894,25687,49628,90748,2518,24006,10844,27841,31509,12582,11833,173,8,"TOP","TOP",1727,32,13,3,847,6006,0,0,33,FALSE,FALSE,TRUE,FALSE
"4",6,6,0,126568,10629,74071,13177,39318,11646,994,10731,23026,7582,6750,9,97,"NONE","JUNGLE",1151,17,6,3,447,11333,475,0,2,FALSE,FALSE,FALSE,TRUE
"5",21,6,13,59327,34428,14814,43852,660,4617,4617,5380,12854,10716,9533,34,0,"NONE","",694,0,0,0,144,1750,0,0,0,TRUE,FALSE,TRUE,FALSE
"6",20,4,5,439048,36751,4381,371376,63291,66642,6017,22036,29536,20084,17500,71,247,"JUNGLE","JUNGLE",1846,56,7,13,757,12217,0,0,27,FALSE,FALSE,FALSE,FALSE
"7",13,3,10,391716,30952,32104,270231,89380,67961,9845,19169,34048,17126,14550,33,216,"JUNGLE","JUNGLE",1805,31,6,6,597,21486,2273,0,11,FALSE,FALSE,FALSE,FALSE
"8",0,5,12,22253,8500,12442,5962,3847,419,419,8816,17205,5908,4950,33,0,"BOTTOM","UTILITY",1439,79,45,9,565,4381,3188,3066,20,FALSE,FALSE,FALSE,FALSE
"9",6,5,14,81124,16175,68583,8194,4347,2755,2416,10855,18793,9548,8050,124,0,"BOTTOM","BOTTOM",1446,11,8,0,296,8396,3479,331,36,FALSE,FALSE,FALSE,FALSE
"10",9,10,12,241977,18543,14939,173832,53204,31003,247,23134,38682,12548,13730,47,144,"JUNGLE","JUNGLE",1654,51,11,7,358,13639,0,0,21,FALSE,FALSE,FALSE,FALSE
"11",9,2,7,61063,11503,53913,7150,0,2835,2835,4514,10702,8061,7600,98,0,"NONE","BOTTOM",916,10,7,2,208,4277,0,0,33,FALSE,TRUE,FALSE,FALSE
"12",9,5,14,195649,26419,18650,124293,52704,15469,4586,23300,27390,11793,9333,32,145,"JUNGLE","JUNGLE",1427,36,5,8,363,17580,4299,0,23,FALSE,FALSE,FALSE,FALSE
"13",7,8,41,80521,40549,75962,3550,1008,1860,1860,11632,18689,11743,9250,47,0,"NONE","",1018,0,0,0,116,1685,0,0,55,FALSE,TRUE,FALSE,TRUE
"14",2,3,3,80264,12496,9365,69461,1437,2441,2067,10742,14700,7402,7250,163,0,"NONE","MIDDLE",1135,14,6,2,306,2858,0,0,15,FALSE,FALSE,FALSE,FALSE
"15",0,4,4,145603,10254,16195,126822,2586,2040,2040,6856,13648,10411,10583,253,0,"BOTTOM","BOTTOM",1703,9,7,1,656,3254,0,0,0,FALSE,FALSE,FALSE,FALSE
"16",16,6,4,285312,27660,188756,23569,72986,45736,4571,35268,38136,15858,14950,47,163,"JUNGLE","JUNGLE",1622,21,3,6,499,18436,0,0,23,TRUE,FALSE,FALSE,FALSE
"17",3,0,12,26678,4599,17751,5874,3051,5603,3938,6414,10571,8098,7050,21,0,"BOTTOM","UTILITY",1384,62,31,3,0,7149,3547,3257,12,TRUE,FALSE,FALSE,FALSE
"18",23,12,19,71298,37806,594,64107,6596,1301,1301,38478,32046,12874,12550,48,0,"NONE","",875,0,0,0,90,11166,0,0,17,FALSE,FALSE,FALSE,FALSE
"19",18,15,26,57784,40940,9908,45771,2105,3198,3198,18736,26809,13593,12400,19,0,"NONE","",1094,0,0,0,144,2043,0,0,17,FALSE,TRUE,FALSE,FALSE
"20",5,5,7,232286,16542,350,164415,67518,12300,0,32682,28335,10136,9575,8,160,"JUNGLE","JUNGLE",1550,22,8,3,470,11986,0,0,31,FALSE,FALSE,FALSE,FALSE
"21",6,3,4,144999,30577,5951,135325,3722,24101,15660,9593,14541,12567,11550,194,8,"BOTTOM","BOTTOM",1473,13,7,2,776,4370,0,0,25,FALSE,FALSE,TRUE,FALSE
"22",5,7,1,175079,9193,101430,14556,59092,4869,137,14381,28440,8553,7750,7,146,"JUNGLE","JUNGLE",1329,15,3,5,330,13520,91,0,7,FALSE,FALSE,FALSE,FALSE
"23",4,6,4,282658,22023,147488,24470,110699,10644,169,28433,51933,11046,9700,46,176,"JUNGLE","JUNGLE",1772,17,4,2,437,25950,0,0,23,FALSE,FALSE,FALSE,FALSE
"24",14,7,15,119974,27778,0,107329,12644,9379,9379,24169,41617,15473,13505,163,0,"MIDDLE","MIDDLE",2185,29,7,8,485,14433,365,0,40,FALSE,FALSE,FALSE,FALSE
"25",3,6,17,16650,7334,10725,3036,2888,292,292,29279,20852,7265,6600,23,0,"BOTTOM","UTILITY",1446,69,29,6,420,8732,5584,846,43,FALSE,FALSE,FALSE,FALSE
"26",6,5,10,175679,26979,58410,98871,18397,11065,2913,12492,22682,13165,12783,229,12,"BOTTOM","BOTTOM",1798,22,9,6,543,5908,0,0,3,FALSE,FALSE,FALSE,FALSE
"27",8,2,5,107455,15996,36101,60480,10873,6242,5946,5154,10193,10222,8183,177,3,"NONE","MIDDLE",1088,11,5,1,481,2019,0,0,2,FALSE,TRUE,FALSE,FALSE
"28",3,6,2,110213,15469,83012,8489,18711,6592,6592,19165,30441,10346,9850,176,0,"MIDDLE","MIDDLE",1465,9,1,2,366,6405,0,0,20,FALSE,FALSE,FALSE,FALSE
"29",7,9,4,145441,25556,559,139462,5419,10831,5803,37938,30292,11726,10455,180,4,"TOP","TOP",1792,20,8,2,344,3556,0,0,37,FALSE,FALSE,FALSE,FALSE
"30",19,9,18,38004,27612,0,32062,5941,959,959,22851,30592,14211,13650,13,0,"BOTTOM","",1240,0,0,0,256,11519,0,0,43,FALSE,FALSE,FALSE,FALSE
"31",25,6,19,29256,20498,0,21603,7653,1201,1201,9293,17473,11876,9500,11,0,"NONE","",755,0,0,0,180,3940,0,0,32,FALSE,FALSE,FALSE,FALSE
"32",10,5,15,260271,23989,18713,188878,52679,23018,329,38579,37107,13202,12100,25,174,"JUNGLE","JUNGLE",1452,16,1,4,424,23603,0,0,19,FALSE,FALSE,FALSE,FALSE
"33",16,9,5,140442,45213,125235,10150,5056,3480,3341,19769,38451,14626,14375,177,0,"MIDDLE","MIDDLE",1877,20,7,4,793,2615,495,0,2,FALSE,FALSE,FALSE,FALSE
"34",11,3,3,273198,27627,258,264264,8675,16199,7788,42012,37220,18209,17550,291,9,"TOP","TOP",2107,30,10,6,1077,8501,0,0,35,FALSE,FALSE,TRUE,FALSE
"35",11,9,7,240037,17505,12283,163566,64186,36682,2125,35802,43319,13948,12250,31,145,"JUNGLE","JUNGLE",2022,40,19,0,588,21450,0,0,22,FALSE,FALSE,FALSE,FALSE
"36",6,9,50,22498,12984,18283,3991,223,2347,2347,17743,30662,11770,11550,13,0,"NONE","",1069,0,0,0,235,20143,9318,9504,18,FALSE,TRUE,FALSE,TRUE
"37",1,6,2,77358,5283,47605,3446,26307,18993,301,7961,18793,4605,4575,4,66,"NONE","JUNGLE",915,20,1,2,254,8542,0,0,22,FALSE,FALSE,FALSE,FALSE
"38",3,4,6,180576,13515,131070,12245,37261,7511,0,7295,18179,9126,8325,43,118,"JUNGLE","JUNGLE",1345,10,3,1,660,6679,0,0,18,FALSE,TRUE,FALSE,FALSE
"39",8,5,3,82264,13795,4042,70904,7316,1262,1262,6122,11304,8755,6600,135,0,"NONE","MIDDLE",1104,10,5,2,386,767,0,0,0,TRUE,FALSE,FALSE,FALSE
"40",12,6,15,329853,38862,0,266786,63067,15197,5387,58476,38318,19472,18750,338,0,"TOP","TOP",2414,23,7,2,698,18559,0,0,19,FALSE,FALSE,FALSE,FALSE
"41",4,6,1,146435,16318,6531,129031,10872,2502,2502,8553,17427,10698,9950,207,16,"BOTTOM","BOTTOM",1376,12,5,2,681,3232,0,0,9,FALSE,FALSE,FALSE,TRUE
"42",15,7,22,61198,25836,3869,57117,211,1923,1923,6039,13290,12427,11600,48,0,"NONE","",823,0,0,0,150,1985,0,0,22,TRUE,FALSE,TRUE,FALSE
"43",7,8,7,250266,27345,228598,15424,6242,5037,2293,26195,28528,15540,15000,313,0,"MIDDLE","MIDDLE",2117,19,3,4,340,500,0,0,2,FALSE,FALSE,FALSE,FALSE
"44",10,3,8,259904,21918,129050,20783,110071,37348,875,22616,40057,13163,11625,27,183,"JUNGLE","JUNGLE",1468,20,7,2,474,27217,90,0,23,FALSE,FALSE,FALSE,TRUE
"45",20,15,26,60824,36944,0,54867,5957,1349,1349,35056,45578,14892,13750,28,0,"JUNGLE","",1285,0,0,0,109,10891,0,0,63,FALSE,TRUE,TRUE,FALSE
"46",5,8,6,104446,15866,90639,7280,6526,2439,2439,22324,35849,11060,11430,171,0,"TOP","TOP",1679,17,7,4,404,9150,0,0,19,FALSE,FALSE,FALSE,FALSE
"47",0,3,23,17290,7934,7589,6136,3565,3000,1529,18307,12908,7267,6425,17,0,"MIDDLE","UTILITY",1326,50,17,6,484,609,0,550,48,FALSE,FALSE,FALSE,FALSE
"48",4,12,8,124974,22598,3572,118195,3206,4063,1705,64773,40395,10934,10750,182,0,"TOP","TOP",1955,18,8,6,394,2398,0,1602,53,TRUE,FALSE,FALSE,FALSE
"49",1,1,2,78028,8359,70808,4499,2720,1179,1179,15043,10632,6029,5460,137,0,"NONE","MIDDLE",1113,3,2,0,918,0,0,47,20,FALSE,FALSE,FALSE,FALSE
"50",0,1,0,61499,6600,1789,59710,0,112,0,5731,10933,4861,3875,120,0,"NONE","TOP",938,6,4,0,866,3461,0,0,5,FALSE,FALSE,FALSE,FALSE
"51",4,8,12,277240,33629,34084,208827,34328,15855,8982,18677,28199,16284,15975,305,16,"BOTTOM","BOTTOM",1876,23,10,6,565,5935,0,0,9,FALSE,FALSE,FALSE,FALSE
"52",4,7,4,234956,17651,21127,208442,5386,10088,3996,28223,28451,11686,11550,239,14,"TOP","TOP",1841,19,9,5,644,5703,0,0,24,FALSE,FALSE,FALSE,FALSE
"53",3,2,8,117656,13489,15493,99141,3022,9044,7357,14454,19503,9826,9000,185,6,"JUNGLE","TOP",1207,17,8,2,448,4990,0,0,17,FALSE,FALSE,FALSE,FALSE
"54",7,6,1,85733,14662,70868,13953,912,419,419,11141,22776,8417,7785,149,0,"MIDDLE","MIDDLE",1305,5,3,0,337,904,0,0,2,FALSE,FALSE,FALSE,FALSE
"55",7,2,6,152855,10222,0,112402,40453,27162,114,14626,18045,8439,6150,7,124,"NONE","JUNGLE",1104,16,5,1,686,10308,0,0,9,FALSE,FALSE,FALSE,FALSE
"56",1,6,3,43416,4902,279,38559,4578,2904,1271,4089,8639,5757,4100,103,4,"NONE","BOTTOM",938,13,5,4,241,557,0,0,5,FALSE,FALSE,FALSE,FALSE
"57",4,0,2,132808,14953,0,127412,5395,11476,6544,19986,16254,10499,9500,203,0,"TOP","TOP",1385,12,8,0,0,32,0,0,43,FALSE,FALSE,TRUE,FALSE
"58",4,7,5,127879,15687,881,126348,649,3817,3194,11292,20607,10324,9850,183,0,"BOTTOM","BOTTOM",1724,20,8,4,571,2709,0,0,19,FALSE,FALSE,FALSE,FALSE
"59",5,8,7,100397,16218,14856,81098,4443,5170,1950,7309,17584,9995,9875,157,0,"BOTTOM","BOTTOM",1510,16,9,2,335,2562,0,0,3,FALSE,FALSE,FALSE,FALSE
"60",1,5,2,101797,11002,89395,9040,3361,1963,1963,5354,12956,8475,7625,193,4,"MIDDLE","MIDDLE",1354,13,5,3,923,0,0,0,21,FALSE,FALSE,FALSE,FALSE
"61",12,6,3,135030,29665,45917,87648,1464,3164,3045,14069,21814,13632,13955,199,0,"BOTTOM","BOTTOM",1599,6,7,1,1025,3293,0,0,4,TRUE,FALSE,FALSE,FALSE
"62",1,4,13,19078,9790,11064,4777,3236,1463,1269,4987,11817,6670,5975,30,0,"BOTTOM","UTILITY",1327,54,24,13,381,10462,6175,976,34,FALSE,FALSE,FALSE,FALSE
"63",1,4,2,89133,4955,13231,42450,33451,3880,0,14452,18070,4966,4400,3,89,"NONE","JUNGLE",914,9,5,0,304,7961,0,0,19,FALSE,FALSE,FALSE,FALSE
"64",19,3,7,301160,39626,2531,253882,44747,21418,1568,14239,23675,17355,17275,55,163,"JUNGLE","JUNGLE",1827,32,8,6,1072,10136,0,0,26,FALSE,FALSE,FALSE,FALSE
"65",4,5,8,194978,27117,20954,169430,4593,14429,9046,33129,30914,14874,13350,251,4,"JUNGLE","TOP",1871,27,12,1,773,6585,0,0,24,FALSE,FALSE,TRUE,FALSE
"66",4,5,3,170078,18535,15123,152972,1983,10940,3338,23254,21067,11526,9925,234,4,"TOP","TOP",1585,16,6,2,959,5090,0,0,22,FALSE,FALSE,TRUE,FALSE
"67",9,3,7,163760,23257,0,159920,3840,13330,9227,24895,18958,13174,10800,181,19,"TOP","TOP",1520,10,5,1,452,3781,0,0,43,FALSE,FALSE,FALSE,FALSE
"68",13,2,9,126099,24233,41916,72880,11301,10363,10355,9070,12620,12877,12468,192,0,"BOTTOM","BOTTOM",1317,20,7,4,1038,2108,0,0,4,FALSE,FALSE,FALSE,FALSE
"69",7,1,0,62102,9682,2748,54094,5259,8166,8166,8566,14766,7223,6450,115,0,"NONE","TOP",954,8,5,0,684,7794,1526,0,6,FALSE,FALSE,TRUE,FALSE
"70",11,4,5,205296,41544,2144,185755,17396,7923,7923,35914,37997,15046,13958,232,4,"TOP","TOP",1897,19,6,4,772,23060,4040,0,15,FALSE,FALSE,FALSE,FALSE
"71",9,16,30,82771,40936,18382,62486,1902,783,783,192882,87479,16556,16300,35,0,"MIDDLE","",1643,0,0,0,138,12790,0,0,85,TRUE,FALSE,FALSE,FALSE
"72",16,4,13,169564,36569,5977,162479,1107,7149,4062,10023,16086,14534,22325,204,2,"BOTTOM","BOTTOM",1628,21,9,1,971,2221,0,0,34,FALSE,TRUE,FALSE,FALSE
"73",5,5,2,149441,24569,38127,100393,10920,1325,1325,12290,19277,11814,11458,234,0,"BOTTOM","BOTTOM",1632,8,5,1,586,1892,0,0,0,FALSE,FALSE,FALSE,FALSE
"74",4,5,24,27303,10644,19300,5729,2273,3655,292,19950,20209,9262,7300,19,0,"BOTTOM","UTILITY",1814,67,30,7,546,9546,5570,12081,71,FALSE,FALSE,FALSE,FALSE
"75",9,3,13,231315,34803,16541,208400,6374,29270,12515,43278,41535,16330,15958,265,12,"TOP","TOP",1953,30,12,4,670,7678,0,0,42,FALSE,TRUE,FALSE,FALSE
"76",3,1,19,209254,25457,193129,12303,3820,7943,5518,56773,30012,14741,13900,272,8,"MIDDLE","MIDDLE",2153,33,8,7,1849,5056,0,2265,47,FALSE,FALSE,TRUE,FALSE
"77",18,9,24,132012,46974,0,131197,815,4735,4735,14859,30564,15416,13650,101,0,"NONE","",1161,0,0,0,197,7529,0,0,37,FALSE,FALSE,FALSE,FALSE
"78",16,3,7,431701,34454,1845,364292,65562,68466,10089,19382,24469,19415,17550,98,205,"JUNGLE","JUNGLE",1873,35,6,6,435,13746,0,0,21,FALSE,FALSE,FALSE,TRUE
"79",9,7,16,228404,35791,26836,199511,2056,34533,10248,44716,41936,15224,15000,227,16,"MIDDLE","MIDDLE",2046,28,11,3,1070,10676,0,0,43,TRUE,FALSE,FALSE,TRUE
"80",31,6,24,99920,63736,88285,7046,4589,2065,2065,23599,26155,15819,14400,42,0,"NONE","",1067,0,0,0,218,11191,0,0,68,FALSE,TRUE,FALSE,FALSE
"81",2,8,30,26204,10928,12209,7187,6807,1082,391,37778,24975,9198,8525,28,2,"BOTTOM","UTILITY",1862,104,59,6,592,3180,539,1014,74,FALSE,TRUE,FALSE,FALSE
"82",2,3,3,117260,16483,95490,14055,7715,0,0,6902,14195,8580,8275,213,0,"MIDDLE","MIDDLE",1359,12,7,1,579,516,0,0,19,FALSE,FALSE,FALSE,FALSE
"83",8,4,11,179648,29089,60429,116136,3082,10352,2847,9139,19207,14945,13450,240,8,"BOTTOM","BOTTOM",1773,23,11,4,557,4025,0,0,2,FALSE,FALSE,FALSE,FALSE
"84",3,8,7,177736,20721,150,176492,1092,1107,977,10417,21228,12096,11250,245,0,"MIDDLE","BOTTOM",1901,21,7,7,480,3995,0,0,2,FALSE,FALSE,FALSE,FALSE
"85",3,7,6,169659,8914,10406,96383,62868,17924,409,18606,26015,9374,9050,36,122,"JUNGLE","JUNGLE",1557,17,6,5,371,9541,0,0,8,FALSE,FALSE,FALSE,FALSE
"86",10,8,31,46147,22102,39680,5642,825,1143,1143,57373,45734,12475,10200,19,0,"NONE","",997,0,0,0,136,21352,0,0,58,FALSE,TRUE,FALSE,FALSE
"87",7,5,4,179464,20604,13231,162203,4029,3315,3315,10504,18738,12901,11500,241,16,"MIDDLE","MIDDLE",1542,15,6,5,389,3196,0,0,7,FALSE,FALSE,FALSE,FALSE
"88",4,4,13,39204,16332,2622,30361,6220,4638,1816,31128,27453,9965,8350,37,0,"BOTTOM","UTILITY",1955,116,61,11,855,5692,0,239,43,TRUE,FALSE,FALSE,FALSE
"89",10,7,16,45687,14835,1760,43074,851,1362,1362,3976,10543,8427,8050,57,0,"NONE","",569,0,0,0,89,156,0,0,6,FALSE,TRUE,TRUE,FALSE
"90",8,1,5,64182,9729,0,56002,8180,3750,1608,5805,9039,7613,6950,125,2,"NONE","TOP",921,5,3,0,801,3837,0,0,6,TRUE,FALSE,FALSE,FALSE
"91",6,1,6,205637,9191,124133,19441,62061,39213,7550,11804,21544,10438,8700,31,147,"JUNGLE","JUNGLE",1255,23,5,6,481,18648,2017,0,3,FALSE,FALSE,FALSE,FALSE
"92",2,10,5,154650,20835,51657,88288,14704,9481,6646,15550,24160,9499,8033,186,10,"BOTTOM","BOTTOM",1628,14,9,4,212,1765,0,0,3,FALSE,FALSE,FALSE,FALSE
"93",2,12,2,117942,13353,14004,102664,1273,1218,0,19681,30742,8544,7800,160,5,"MIDDLE","MIDDLE",1628,11,8,0,324,2433,0,0,16,FALSE,FALSE,FALSE,FALSE
"94",2,3,10,12295,4966,5122,3540,3631,0,0,10051,10934,4852,4225,17,0,"NONE","UTILITY",916,30,15,2,321,4182,2202,504,42,FALSE,FALSE,FALSE,FALSE
"95",14,2,6,255754,60384,212316,25368,18069,11707,5911,11085,17861,17254,16075,270,2,"BOTTOM","BOTTOM",1931,21,8,0,1112,2258,0,0,16,FALSE,FALSE,FALSE,FALSE
"96",5,6,20,439684,45298,298275,23074,118335,49016,2813,57859,63955,17792,16925,42,256,"JUNGLE","JUNGLE",2534,50,4,12,565,51299,13387,0,20,FALSE,FALSE,FALSE,TRUE
"97",10,12,31,94150,39496,88577,3301,2271,1597,1597,18231,29621,13116,12850,44,0,"TOP","",1223,0,0,0,301,1105,0,0,79,FALSE,TRUE,FALSE,FALSE
"98",4,3,7,198110,31279,28027,145295,24786,5269,2778,13214,22574,11971,11600,246,0,"TOP","TOP",1811,33,12,4,871,4163,0,0,12,FALSE,FALSE,FALSE,FALSE
"99",13,3,8,203646,20309,39592,107615,56437,47446,3600,27268,32509,13072,10933,23,129,"JUNGLE","JUNGLE",1450,21,4,3,805,20021,0,0,27,FALSE,FALSE,FALSE,FALSE
"100",6,4,5,283340,13682,38880,151029,93431,44768,3030,37199,34489,11612,10200,8,189,"JUNGLE","JUNGLE",1824,27,10,1,806,22266,0,665,15,FALSE,FALSE,FALSE,FALSE
"101",1,4,27,33659,19097,19470,11829,2358,4172,3024,27488,24363,10175,8450,33,0,"MIDDLE","UTILITY",2215,157,84,16,732,9579,3868,4726,90,FALSE,FALSE,FALSE,FALSE
"102",0,6,7,13095,4758,9408,1945,1741,931,0,4046,12610,5800,5075,23,0,"BOTTOM","UTILITY",1561,47,21,2,588,17720,15108,1089,28,FALSE,FALSE,FALSE,FALSE
"103",0,1,1,5079,725,59,4964,56,166,166,398,1429,1556,1375,25,0,"NONE","BOTTOM",294,0,0,0,229,180,0,0,1,FALSE,FALSE,FALSE,FALSE
"104",0,0,0,272,0,272,0,0,0,0,0,0,501,500,0,0,"NONE","UTILITY",110,0,0,0,0,0,0,0,0,FALSE,FALSE,FALSE,FALSE
"105",6,9,12,158121,30440,143471,12856,1793,3936,1099,15404,32461,11773,10835,186,4,"MIDDLE","MIDDLE",2050,29,8,2,692,4746,0,0,41,FALSE,FALSE,FALSE,FALSE
"106",7,7,8,11870,8376,0,9861,2008,131,0,4990,11763,7386,6375,18,0,"MIDDLE","UTILITY",1265,75,34,10,303,1416,0,0,28,FALSE,TRUE,FALSE,FALSE
"107",4,3,10,221433,8976,54342,26856,140233,58126,7054,27676,38860,10384,9875,15,155,"JUNGLE","JUNGLE",1407,18,1,5,460,26015,0,0,21,FALSE,FALSE,FALSE,FALSE
"108",12,6,4,200629,30926,166830,13334,20465,6136,5850,12114,26810,15026,14575,232,4,"MIDDLE","MIDDLE",1826,28,12,3,536,5868,0,0,9,FALSE,FALSE,FALSE,FALSE
"109",6,6,6,219257,32815,187952,16350,14954,11023,3845,12646,23987,14104,13750,263,4,"TOP","MIDDLE",2070,39,15,2,538,2803,665,0,29,FALSE,FALSE,FALSE,FALSE
"110",2,5,30,62806,22624,49186,8671,4948,7030,2442,14834,24760,10487,8725,37,0,"BOTTOM","UTILITY",2139,88,40,3,1128,21720,15748,8660,62,FALSE,FALSE,FALSE,FALSE
"111",7,11,9,40431,15136,0,39302,1129,0,0,27847,21711,9342,9300,37,0,"NONE","",815,0,0,0,88,2690,0,0,9,FALSE,FALSE,FALSE,FALSE
"112",2,3,1,116090,6734,6794,75386,33909,11420,0,10547,18614,5339,5075,3,101,"NONE","JUNGLE",948,15,6,1,723,10104,0,0,9,FALSE,FALSE,FALSE,FALSE
"113",3,3,6,141176,16779,127911,12219,1045,6103,4942,8191,12713,10286,9750,194,5,"BOTTOM","BOTTOM",1402,9,7,0,506,939,202,1081,25,FALSE,TRUE,FALSE,FALSE
"114",16,12,29,95546,37200,576,90261,4708,2136,2136,44084,39574,14198,12200,64,0,"NONE","",1064,0,0,0,100,5153,0,0,40,FALSE,FALSE,FALSE,TRUE
"115",2,5,4,151229,7424,85394,19819,46015,7706,320,13945,24395,6966,6125,9,122,"JUNGLE","JUNGLE",1205,19,5,2,427,13890,0,0,15,FALSE,FALSE,FALSE,FALSE
"116",3,5,7,185508,19781,0,182010,3497,6975,6832,13716,25742,11944,11400,227,8,"MIDDLE","MIDDLE",1853,22,8,2,754,3377,0,0,4,FALSE,TRUE,FALSE,FALSE
"117",4,5,6,102821,16396,91055,5998,5766,6710,6710,4107,10734,8903,8025,152,1,"NONE","MIDDLE",1193,13,7,1,301,0,0,0,39,FALSE,FALSE,FALSE,FALSE
"118",7,7,27,67190,20069,0,63640,3550,1493,1493,33848,31457,12073,10583,69,0,"NONE","",1020,0,0,0,311,5793,0,0,26,FALSE,FALSE,FALSE,FALSE
"119",14,2,8,213970,36176,190435,16504,7030,16298,11210,9275,14981,15930,15650,255,8,"MIDDLE","MIDDLE",1539,35,11,10,892,2173,0,2168,24,TRUE,FALSE,TRUE,FALSE
"120",0,9,3,23054,4634,14686,4382,3985,2784,43,12472,19485,5779,5375,19,0,"BOTTOM","UTILITY",1785,58,30,3,340,402,0,4239,19,FALSE,FALSE,FALSE,FALSE
"121",7,13,22,33028,18275,29434,2170,1423,2371,2371,22314,40073,9461,7700,10,0,"NONE","",858,0,0,0,103,17237,0,0,48,FALSE,TRUE,FALSE,TRUE
"122",11,6,15,197686,41847,173591,22546,1548,11801,4602,11849,22317,16500,15350,241,4,"MIDDLE","MIDDLE",2050,33,8,5,666,2265,0,0,36,FALSE,FALSE,TRUE,FALSE
"123",6,8,14,162766,24784,141269,14100,7397,5415,2389,10180,21456,12492,12600,194,0,"BOTTOM","BOTTOM",1833,17,9,3,403,2851,308,2501,49,FALSE,FALSE,FALSE,FALSE
"124",0,0,0,61,61,12,48,0,0,0,0,0,501,500,0,0,"NONE","TOP",110,0,0,0,0,0,0,0,0,FALSE,FALSE,FALSE,FALSE
"125",15,7,37,104800,46308,18688,80708,5403,4201,4201,10752,19517,12963,11683,96,0,"NONE","",887,0,0,0,184,1369,0,0,18,FALSE,TRUE,FALSE,TRUE
"126",26,5,13,75092,47734,9197,64197,1696,488,488,26722,26123,14263,11600,28,0,"NONE","",910,0,0,0,314,13068,677,187,31,TRUE,FALSE,FALSE,TRUE
"127",6,7,6,217115,25052,182412,26483,8219,13602,4961,15068,25888,15282,13200,291,0,"MIDDLE","MIDDLE",2117,43,13,10,490,1993,0,0,22,TRUE,FALSE,FALSE,FALSE
"128",3,8,0,149847,11377,74623,27187,48036,3506,3506,14171,19898,9275,9150,196,4,"TOP","TOP",1402,12,7,1,348,1421,0,0,2,FALSE,FALSE,FALSE,FALSE
"129",2,7,1,40439,8207,7890,25892,6656,0,0,3400,10330,5471,4300,96,0,"NONE","BOTTOM",1055,8,4,2,309,50,0,0,1,FALSE,FALSE,FALSE,FALSE
"130",8,6,8,147971,29865,23266,118240,6464,16810,9314,9298,16843,13222,9300,212,8,"BOTTOM","BOTTOM",1697,22,7,4,328,2067,0,0,50,FALSE,FALSE,FALSE,FALSE
"131",4,2,6,111616,20464,95782,9102,6731,9233,9180,3950,8599,12119,9075,179,0,"JUNGLE","TOP",1236,12,7,1,414,597,0,0,37,FALSE,FALSE,FALSE,FALSE
"132",4,4,18,53218,15065,43116,6710,3391,5051,2436,9534,13260,10172,9475,55,4,"JUNGLE","UTILITY",1664,72,27,13,521,2288,577,3020,45,FALSE,FALSE,FALSE,TRUE
"133",1,11,10,230636,29306,28985,180271,21378,6818,1810,37128,34046,12443,12325,244,1,"TOP","TOP",2079,16,11,3,588,7968,0,0,40,FALSE,FALSE,FALSE,FALSE
"134",3,1,0,132632,2017,18895,74684,39052,13079,0,6647,14859,6081,5400,3,123,"NONE","JUNGLE",915,11,2,2,453,12166,0,0,3,TRUE,FALSE,FALSE,FALSE
"135",3,4,23,25595,8276,13328,5848,6418,5270,550,38427,18765,8777,7750,29,0,"BOTTOM","UTILITY",1654,60,24,8,849,2322,0,1744,46,FALSE,FALSE,FALSE,FALSE
"136",3,6,7,169851,17588,106100,13661,50088,17624,0,9193,24740,7711,6850,20,109,"JUNGLE","JUNGLE",1299,19,7,4,271,11152,0,0,20,FALSE,FALSE,FALSE,FALSE
"137",11,2,6,203721,32747,19114,170336,14270,28588,14381,22655,26165,14538,12333,219,4,"MIDDLE","TOP",1770,23,8,5,1375,3315,0,0,46,FALSE,FALSE,FALSE,TRUE
"138",3,7,2,145022,15882,55663,77288,12070,2469,2469,11114,24754,10314,10033,210,4,"MIDDLE","MIDDLE",1627,8,6,0,383,3874,0,0,0,FALSE,FALSE,FALSE,FALSE
"139",2,5,13,21164,7950,13135,4612,3416,935,374,20237,17447,6893,6550,20,0,"BOTTOM","UTILITY",1489,73,41,5,404,5727,1881,4950,35,FALSE,FALSE,FALSE,FALSE
"140",1,9,2,137046,14547,66425,23956,46664,2402,1770,17996,29268,8291,7400,177,4,"TOP","TOP",1651,9,6,1,301,3382,0,0,5,FALSE,FALSE,FALSE,FALSE
"141",4,2,16,195253,36100,3062,174357,17834,17867,7487,7442,12930,14178,12900,246,8,"MIDDLE","BOTTOM",2166,61,15,9,960,3071,0,0,63,FALSE,FALSE,FALSE,FALSE
"142",10,7,7,214144,19665,31265,101061,81818,36897,0,54104,49055,10885,10825,14,128,"JUNGLE","JUNGLE",1850,26,5,2,510,15658,0,0,42,FALSE,FALSE,FALSE,FALSE
"143",20,3,6,289643,47364,72518,180668,36457,17732,6900,18379,28223,20175,18108,290,27,"BOTTOM","BOTTOM",1948,28,12,5,933,8752,0,0,3,FALSE,FALSE,TRUE,FALSE
"144",10,11,23,132129,41978,111935,16264,3929,1914,1914,29840,31483,14126,13400,100,0,"TOP","",1232,0,0,0,183,2489,0,0,1,FALSE,FALSE,FALSE,TRUE
"145",14,4,21,26649,14935,752,25184,712,443,443,4990,10336,8003,7225,19,0,"NONE","",496,0,0,0,130,2402,0,0,10,FALSE,TRUE,TRUE,FALSE
"146",6,8,7,118047,25325,117165,658,222,2747,165,8818,21470,10348,10000,169,2,"BOTTOM","BOTTOM",1597,14,8,1,391,2139,0,0,22,TRUE,FALSE,FALSE,FALSE
"147",1,6,3,198366,11949,97184,19368,81813,16190,0,14981,34576,7850,7650,7,146,"JUNGLE","JUNGLE",1338,22,3,2,315,20535,0,0,15,FALSE,FALSE,FALSE,FALSE
"148",2,9,7,20132,7101,7625,9283,3224,3792,0,29874,19334,6939,6775,23,4,"MIDDLE","UTILITY",1682,84,44,8,681,160,0,1072,49,FALSE,TRUE,FALSE,FALSE
"149",2,9,10,151636,23627,19314,121647,10673,8395,5409,17107,28815,11115,11050,215,0,"BOTTOM","BOTTOM",1836,19,9,4,477,4159,0,0,7,FALSE,FALSE,FALSE,FALSE
"150",4,7,3,109623,15210,64019,45604,0,2291,1572,61948,43783,9362,8500,185,0,"TOP","TOP",1679,15,8,1,408,3880,0,0,39,FALSE,FALSE,FALSE,FALSE
"151",6,3,4,192688,17237,17152,123019,52515,30297,9619,31471,40979,11047,10783,37,110,"JUNGLE","JUNGLE",1514,16,6,5,905,22584,0,0,17,FALSE,FALSE,FALSE,FALSE
"152",10,5,2,106709,14891,294,105985,428,13712,2479,9897,12465,11750,10350,163,4,"BOTTOM","BOTTOM",1331,10,4,3,348,3418,0,0,5,FALSE,FALSE,FALSE,FALSE
"153",3,4,20,29949,13912,1472,26637,1838,4603,2624,6556,13251,8408,7475,18,0,"BOTTOM","UTILITY",1700,73,35,3,744,18401,14250,4665,40,FALSE,FALSE,FALSE,FALSE
"154",6,1,1,113990,6950,43589,22703,47697,2632,0,9283,16487,6852,5300,7,102,"NONE","JUNGLE",912,12,5,0,271,10500,0,0,5,FALSE,FALSE,FALSE,FALSE
"155",8,18,32,69078,33642,10810,54275,3991,53,53,65155,60812,14167,13700,45,0,"TOP","",1419,0,0,0,114,8531,0,0,32,FALSE,FALSE,FALSE,FALSE
"156",2,6,5,11076,4919,7784,1844,1447,0,0,8858,16119,6327,5325,20,0,"BOTTOM","UTILITY",1549,66,28,9,442,1667,1039,2296,16,TRUE,FALSE,FALSE,FALSE
"157",4,9,7,128406,20167,114057,10147,4200,0,0,11976,22475,9793,9875,190,2,"MIDDLE","MIDDLE",1695,12,8,3,645,1822,0,0,36,FALSE,FALSE,FALSE,FALSE
"158",0,0,0,129,129,17,112,0,0,0,0,0,500,500,0,0,"NONE","UTILITY",108,0,0,0,0,0,0,11,0,FALSE,FALSE,FALSE,FALSE
"159",3,0,3,157248,5788,29227,86176,41845,19009,434,6937,13818,6879,5600,4,137,"NONE","JUNGLE",913,5,0,0,0,9248,0,0,4,FALSE,TRUE,FALSE,FALSE
"160",0,2,3,7901,2852,3140,2773,1987,244,0,3649,5871,3662,3225,25,0,"NONE","UTILITY",948,34,12,8,626,0,0,319,22,FALSE,FALSE,FALSE,FALSE
"161",4,1,12,120334,14682,67093,13733,39507,5991,5020,2816,9629,10859,10225,201,0,"MIDDLE","MIDDLE",1471,15,1,4,1072,2970,0,0,12,FALSE,FALSE,FALSE,FALSE
"162",7,12,10,150534,30191,15948,134361,224,7488,3497,29651,43204,11840,11380,192,8,"TOP","TOP",1853,13,7,1,305,12298,0,0,28,FALSE,FALSE,FALSE,FALSE
"163",1,3,2,119762,13005,2853,113759,3149,6492,6492,17002,19174,8953,8933,217,0,"TOP","TOP",1373,14,9,1,867,11685,3098,0,3,FALSE,FALSE,FALSE,FALSE
"164",13,10,8,182957,52224,139527,36627,6803,13793,7558,24027,33441,14969,13075,202,1,"TOP","TOP",1971,25,13,1,399,5725,0,0,56,FALSE,FALSE,FALSE,FALSE
"165",10,1,13,160073,31577,42469,97030,20573,10515,10515,6491,11681,12923,11250,193,13,"BOTTOM","BOTTOM",1255,10,4,2,702,3269,0,0,10,FALSE,FALSE,TRUE,FALSE
"166",9,4,11,34116,17059,0,29717,4398,3539,3188,12097,15155,9343,9125,30,4,"NONE","UTILITY",1136,53,25,8,341,3725,0,0,9,FALSE,FALSE,FALSE,TRUE
"167",8,6,18,313852,41194,192787,20442,100623,5415,2126,18083,32432,17116,16750,318,1,"MIDDLE","MIDDLE",2378,22,3,7,610,7154,0,0,26,FALSE,FALSE,FALSE,FALSE
"168",23,7,8,61145,40694,52053,6130,2961,639,639,15434,20596,12945,12550,25,0,"NONE","",975,0,0,0,247,3054,0,0,2,FALSE,FALSE,FALSE,FALSE
"169",6,9,9,157100,27540,101996,11557,43545,9166,0,24033,37672,10163,9850,2,120,"JUNGLE","JUNGLE",1958,14,8,1,704,16211,0,0,15,FALSE,FALSE,FALSE,FALSE
"170",10,7,10,55031,21138,13455,41576,0,985,985,17374,24342,12102,11250,58,0,"NONE","",1046,0,0,0,363,5402,467,0,0,FALSE,FALSE,FALSE,FALSE
"171",4,3,1,140442,19458,104720,18660,17061,8086,4892,11947,20491,8944,8025,179,5,"JUNGLE","TOP",1408,26,10,3,1169,3794,0,0,8,FALSE,FALSE,FALSE,FALSE
"172",3,4,4,71361,10253,59805,10332,1224,4664,4664,10580,14566,8327,6950,138,0,"BOTTOM","BOTTOM",1222,1,1,1,382,4209,0,0,30,FALSE,FALSE,FALSE,FALSE
"173",5,10,16,34640,22457,30946,2897,796,1,1,9912,20378,9045,8625,21,0,"BOTTOM","UTILITY",1597,46,16,6,233,399,0,0,47,TRUE,FALSE,FALSE,FALSE
"174",2,5,4,86020,12871,0,85195,824,923,923,12419,20106,7958,7683,137,4,"TOP","TOP",1526,18,10,0,431,2386,0,0,20,FALSE,FALSE,FALSE,FALSE
"175",3,7,8,122891,20037,23154,97823,1913,2103,986,31177,31623,9275,9050,181,8,"MIDDLE","MIDDLE",1626,12,8,0,647,3585,0,0,38,FALSE,TRUE,FALSE,FALSE
"176",8,3,5,124285,18152,6588,104356,13339,4154,1490,43126,25914,10742,10325,170,0,"TOP","TOP",1727,15,8,2,1373,2507,0,1294,29,FALSE,FALSE,FALSE,FALSE
"177",0,1,26,32756,10737,24317,6230,2208,3433,1485,6084,15741,8633,7200,31,0,"BOTTOM","UTILITY",1781,77,32,8,1327,17853,10771,2592,32,FALSE,FALSE,FALSE,FALSE
"178",11,9,18,258210,37050,65168,134475,58566,53817,5209,49267,56515,15920,15625,46,151,"TOP","JUNGLE",1793,45,14,7,410,33438,0,0,51,TRUE,FALSE,FALSE,FALSE
"179",9,2,12,320896,32475,216445,10345,94103,56081,261,23310,44278,14710,13200,35,201,"JUNGLE","JUNGLE",1978,50,5,4,1398,32936,0,0,72,FALSE,FALSE,FALSE,FALSE
"180",2,1,6,70747,6286,43311,23739,3696,2377,2377,2599,4776,7586,6625,153,0,"NONE","BOTTOM",969,9,5,2,751,1196,0,0,8,FALSE,FALSE,FALSE,FALSE
"181",8,9,23,81686,27609,0,81085,600,2597,2597,8617,19713,12966,11850,67,0,"NONE","",974,0,0,0,265,1460,0,0,4,FALSE,FALSE,FALSE,TRUE
"182",1,5,6,10769,5110,4165,3873,2730,538,0,8560,10946,4299,3525,11,0,"NONE","UTILITY",921,25,15,1,263,326,114,0,26,FALSE,FALSE,FALSE,FALSE
"183",3,6,37,44844,18312,5688,35006,4150,953,953,5513,12447,7596,7883,39,0,"NONE","",616,0,0,0,127,1424,131,0,9,FALSE,TRUE,FALSE,FALSE
"184",2,6,60,32635,18684,27959,2924,1751,1825,1825,15966,24283,14812,13900,16,0,"MIDDLE","",1433,0,0,0,359,31187,20938,39440,83,FALSE,FALSE,FALSE,TRUE
"185",7,8,19,187991,30553,3341,176451,8198,9966,6901,19191,28832,16717,14825,257,5,"BOTTOM","BOTTOM",2327,35,11,4,591,3197,0,0,69,FALSE,FALSE,FALSE,FALSE
"186",4,1,6,168503,17301,9343,158182,978,11908,9745,21602,27494,12619,11425,229,8,"TOP","TOP",1492,14,6,0,903,14612,0,0,18,FALSE,FALSE,FALSE,FALSE
"187",4,6,1,165962,8687,18735,104235,42991,5582,0,11075,23422,8556,8125,12,143,"JUNGLE","JUNGLE",1393,13,2,3,392,11396,0,0,6,FALSE,FALSE,FALSE,FALSE
"188",5,10,5,110111,26152,39635,62773,7703,2723,2009,13602,23902,9973,9608,182,0,"TOP","BOTTOM",1567,7,7,0,252,1052,0,0,0,FALSE,TRUE,FALSE,FALSE
"189",16,3,10,190273,42782,0,186027,4246,13714,10250,62252,34567,16268,15500,195,14,"TOP","TOP",1714,20,9,1,1021,14751,0,0,19,FALSE,FALSE,TRUE,FALSE
"190",5,2,2,137726,20159,11973,121760,3992,17308,7612,13352,20899,9904,8258,194,3,"TOP","TOP",1395,15,9,0,715,4774,0,0,33,FALSE,FALSE,FALSE,FALSE
"191",20,10,11,360879,78863,85397,229177,46303,47698,8798,33559,45800,22436,25778,315,15,"BOTTOM","BOTTOM",2435,20,6,9,780,17534,0,0,4,FALSE,FALSE,FALSE,TRUE
"192",4,6,14,180616,13278,73817,39188,67611,15291,371,42194,26851,10167,9875,15,134,"JUNGLE","JUNGLE",1511,18,3,3,443,17996,5112,1078,31,FALSE,FALSE,FALSE,FALSE
"193",17,16,44,165522,65557,0,158412,7110,0,0,134115,79501,20497,19350,92,0,"TOP","",1811,0,0,0,180,20365,0,0,27,FALSE,FALSE,FALSE,FALSE
"194",10,9,15,73188,28800,1659,67583,3945,2071,2071,13044,20362,11921,11050,61,0,"NONE","",999,0,0,0,252,3545,0,0,23,FALSE,TRUE,TRUE,FALSE
"195",6,4,5,123078,18165,98707,20381,3989,13539,13102,9816,20823,11482,9550,179,0,"JUNGLE","TOP",1595,12,7,0,352,3958,0,0,6,FALSE,FALSE,FALSE,FALSE
"196",2,1,0,55337,5583,42600,9045,3691,601,601,3071,6790,4838,4425,113,0,"NONE","TOP",764,8,4,1,376,126,0,0,3,FALSE,FALSE,FALSE,FALSE
"197",6,8,11,30444,11633,26543,3505,395,0,0,16087,23376,8211,7700,21,0,"NONE","",697,0,0,0,147,4899,0,0,9,FALSE,FALSE,FALSE,FALSE
"198",0,1,0,19493,2451,1732,17610,150,420,420,842,2562,3233,1400,79,0,"NONE","TOP",521,4,3,0,253,395,0,0,0,FALSE,FALSE,FALSE,FALSE
"199",8,6,6,434442,26731,2728,357440,74272,43716,9201,18690,25567,16986,14600,93,212,"JUNGLE","JUNGLE",2053,29,2,7,510,10352,0,0,26,FALSE,FALSE,FALSE,FALSE
"200",23,14,24,77291,44534,13308,60077,3904,4149,4149,26937,28881,16339,14600,42,0,"MIDDLE","",1202,0,0,0,93,1941,0,0,20,FALSE,FALSE,FALSE,TRUE
"201",22,5,9,359847,61370,0,330465,29382,22264,8992,43197,46066,24454,22000,317,12,"BOTTOM","BOTTOM",2312,17,11,3,495,23650,1656,1196,19,FALSE,FALSE,FALSE,FALSE
"202",6,4,18,284560,33342,138272,58587,87697,51732,2084,80580,49708,13392,11375,39,163,"JUNGLE","JUNGLE",2046,23,4,7,626,29553,0,0,40,FALSE,FALSE,FALSE,FALSE
"203",7,5,17,178634,32351,154847,10233,13553,11401,5243,9821,20050,15042,15000,216,4,"BOTTOM","BOTTOM",1715,11,8,2,538,3653,0,0,44,FALSE,FALSE,TRUE,FALSE
"204",5,2,11,132810,21603,117537,14417,855,3604,2281,9035,16873,9962,9175,186,0,"MIDDLE","MIDDLE",1543,19,7,3,1292,5685,2255,617,31,FALSE,FALSE,FALSE,FALSE
"205",1,2,7,149464,20341,139928,8702,832,3512,613,6465,11396,9263,8550,225,0,"BOTTOM","BOTTOM",1497,9,7,1,945,1041,0,2038,18,FALSE,FALSE,FALSE,FALSE
"206",7,7,4,105183,20944,92071,12144,967,4403,1676,11001,21058,10549,10175,172,0,"MIDDLE","MIDDLE",1672,19,9,2,532,1595,0,998,23,FALSE,FALSE,FALSE,FALSE
"207",8,0,5,142701,18492,5562,135871,1266,16389,8293,5298,7393,12285,11125,212,4,"TOP","BOTTOM",1407,8,5,1,0,3022,0,0,27,FALSE,FALSE,FALSE,FALSE
"208",7,7,6,66102,19008,61520,4582,0,774,0,18979,31637,9576,8875,133,4,"JUNGLE","MIDDLE",1422,12,4,2,478,7897,0,0,20,FALSE,TRUE,FALSE,FALSE
"209",3,7,3,209467,15051,16852,107082,85533,9388,2832,31183,31462,10350,9908,38,148,"JUNGLE","JUNGLE",1620,23,3,5,385,9095,0,0,17,FALSE,FALSE,TRUE,FALSE
"210",14,3,11,358938,36680,14666,261367,82903,86445,7639,42472,57012,17315,15650,38,189,"JUNGLE","JUNGLE",2109,31,13,4,482,40229,0,0,35,FALSE,TRUE,FALSE,FALSE
"211",0,3,0,48186,7005,7263,37028,3895,21,21,6548,8361,4171,3450,102,0,"NONE","TOP",927,5,3,0,599,481,0,0,9,FALSE,FALSE,FALSE,FALSE
"212",12,6,8,129804,20021,3248,123653,2902,11338,3754,6665,15742,13260,11625,189,6,"BOTTOM","BOTTOM",1543,24,10,1,421,3886,660,0,12,FALSE,TRUE,FALSE,FALSE
"213",4,9,21,19051,10650,10520,5587,2943,2086,605,31370,27741,9614,8625,20,0,"BOTTOM","UTILITY",1897,112,57,5,469,6863,2668,5169,37,TRUE,FALSE,FALSE,FALSE
"214",5,10,11,264454,36429,236304,13945,14203,7612,636,15261,30909,18995,17825,291,22,"MIDDLE","MIDDLE",2768,49,22,2,573,2002,703,0,43,TRUE,FALSE,FALSE,FALSE
"215",27,9,14,97049,45919,1645,94673,730,1228,1228,15448,22003,15345,14500,78,0,"NONE","",1056,0,0,0,235,3492,0,0,52,FALSE,FALSE,FALSE,FALSE
"216",8,3,6,203842,26860,185692,13163,4986,18942,10195,13308,15767,15886,15450,248,1,"MIDDLE","MIDDLE",2129,25,15,4,478,1740,0,0,33,FALSE,FALSE,FALSE,FALSE
"217",17,13,28,91872,46161,491,89265,2115,1077,1077,67888,45523,16070,14750,53,0,"MIDDLE","",1428,0,0,0,161,13613,0,0,16,FALSE,TRUE,FALSE,FALSE
"218",5,3,3,64818,9952,54162,9824,831,3312,2227,4155,9196,7502,7150,121,1,"NONE","MIDDLE",1101,7,2,1,404,378,0,0,8,FALSE,FALSE,FALSE,TRUE
"219",7,12,9,215738,21257,1233,152356,62147,18307,0,21679,39986,11768,11600,17,144,"JUNGLE","JUNGLE",1896,22,5,2,232,15332,0,0,15,FALSE,TRUE,FALSE,FALSE
"220",11,10,4,106902,21652,1554,104590,757,2218,2218,9688,19111,11005,10500,162,0,"BOTTOM","BOTTOM",1429,10,7,2,312,2279,0,0,26,TRUE,FALSE,FALSE,FALSE
"221",8,2,6,296896,18948,2608,234921,59366,24743,6150,22605,32348,12951,10325,22,201,"JUNGLE","JUNGLE",1600,44,14,3,1226,19123,0,0,7,FALSE,FALSE,FALSE,FALSE
"222",1,3,21,14180,5206,7679,4619,1881,1049,643,7751,13741,8291,6975,28,0,"MIDDLE","UTILITY",1776,92,33,12,981,6385,5154,1261,32,FALSE,FALSE,FALSE,FALSE
"223",5,14,21,62689,25438,9072,53162,455,0,0,27398,26329,10393,10100,54,0,"NONE","",959,0,0,0,74,3481,0,0,29,FALSE,FALSE,FALSE,FALSE
"224",4,2,7,72443,13290,4285,67143,1014,4921,4921,4917,9437,8859,8283,139,0,"BOTTOM","BOTTOM",1218,8,3,4,653,2263,0,0,2,FALSE,FALSE,FALSE,TRUE
"225",0,7,6,125514,22378,108490,12421,4603,891,563,12982,29482,8597,7650,168,0,"MIDDLE","MIDDLE",1797,18,7,2,629,4516,0,0,11,FALSE,FALSE,FALSE,FALSE
"226",5,6,7,145306,28359,20289,123769,1248,21269,11155,18807,26316,11721,9650,190,0,"JUNGLE","TOP",1493,12,8,0,301,12101,0,0,9,FALSE,FALSE,TRUE,FALSE
"227",6,10,19,66531,40406,62338,4192,0,0,0,21867,45846,12471,11400,35,0,"TOP","",1228,0,0,0,214,26397,0,0,7,FALSE,FALSE,FALSE,FALSE
"228",5,8,7,209259,25945,150354,14463,44440,2417,0,19517,31379,10357,9225,19,152,"JUNGLE","JUNGLE",1556,17,8,2,353,14260,0,1355,53,FALSE,TRUE,FALSE,FALSE
"229",22,9,18,88668,41682,10206,75127,3334,1663,1663,32518,32147,15245,12425,60,0,"NONE","",1088,0,0,0,133,9771,0,0,13,TRUE,FALSE,FALSE,FALSE
"230",3,3,0,54327,8702,0,52809,1518,3426,1331,8896,8967,5850,5650,112,2,"NONE","TOP",969,9,5,0,476,804,0,0,13,TRUE,FALSE,FALSE,FALSE
"231",6,6,11,94535,17351,15347,72311,6876,9289,2976,7421,17319,9187,8250,140,0,"BOTTOM","BOTTOM",1453,19,6,3,554,1864,0,0,43,FALSE,FALSE,FALSE,FALSE
"232",3,3,16,29284,10563,21639,4767,2877,3150,1691,5404,14155,8609,7575,33,0,"BOTTOM","UTILITY",1536,57,26,6,583,6021,3228,721,31,FALSE,TRUE,FALSE,FALSE
"233",10,9,7,212464,30698,179804,24757,7902,12725,6843,18780,35501,15813,15050,242,0,"TOP","TOP",2303,16,10,1,615,3814,0,0,28,FALSE,FALSE,FALSE,FALSE
"234",11,2,2,72503,14756,64473,6059,1970,3646,3646,4794,10400,9194,8925,128,0,"NONE","MIDDLE",913,12,2,2,558,948,0,0,0,FALSE,FALSE,TRUE,FALSE
"235",1,4,0,50183,4877,6569,43612,2,0,0,10204,10237,5030,3950,120,0,"NONE","MIDDLE",976,12,5,3,510,250,60,0,11,FALSE,FALSE,FALSE,FALSE
"236",1,1,5,46627,6378,40310,5695,621,515,515,2128,5888,6050,4525,121,2,"NONE","MIDDLE",913,10,6,3,232,492,0,0,10,FALSE,FALSE,FALSE,FALSE
"237",11,1,7,197764,29881,24219,168095,5449,25761,4133,29485,24213,14684,13225,240,14,"TOP","MIDDLE",1682,29,7,9,1014,8820,0,0,31,FALSE,FALSE,FALSE,FALSE
"238",11,2,11,122618,22853,9795,107017,5806,9629,8029,5545,11141,11740,11533,160,9,"MIDDLE","BOTTOM",1280,11,5,0,663,2680,0,0,0,FALSE,FALSE,FALSE,TRUE
"239",7,13,29,75926,30340,33225,40847,1853,3152,3152,88565,68764,14093,12850,55,0,"MIDDLE","",1328,0,0,0,169,11012,0,0,33,FALSE,FALSE,FALSE,TRUE
"240",10,6,14,324270,35740,38892,267214,18163,31011,5506,34217,30839,17955,16550,269,28,"MIDDLE","MIDDLE",1938,27,10,2,520,11166,0,0,36,FALSE,FALSE,FALSE,FALSE
"241",14,4,6,200340,33367,130985,28347,41009,43374,23761,18379,24967,15726,14900,187,4,"JUNGLE","TOP",1511,17,10,1,619,6206,0,0,7,FALSE,TRUE,FALSE,FALSE
"242",5,2,2,83357,6016,227,81753,1376,12486,3081,4122,8381,8891,7400,153,10,"NONE","BOTTOM",1180,13,7,1,707,1681,0,0,7,FALSE,FALSE,FALSE,FALSE
"243",6,4,14,230858,15421,16546,140479,73831,41850,6249,29750,43741,11576,10100,20,163,"JUNGLE","JUNGLE",1537,37,8,7,524,26636,0,0,34,FALSE,FALSE,FALSE,FALSE
"244",7,5,3,85308,14207,0,83716,1592,4760,2272,20330,19196,9573,8960,122,4,"TOP","TOP",1468,9,2,3,274,4480,0,0,25,TRUE,FALSE,FALSE,FALSE
"245",7,2,11,21538,11107,0,15217,6321,4203,719,5836,12125,8135,7375,29,0,"BOTTOM","UTILITY",1400,71,24,13,373,3762,0,0,28,FALSE,FALSE,FALSE,FALSE
"246",7,3,7,207612,16165,0,146154,61458,8484,0,44183,31006,10539,9350,16,136,"JUNGLE","JUNGLE",1750,10,0,1,740,13468,0,0,23,FALSE,FALSE,FALSE,FALSE
"247",1,1,9,9089,5864,5460,3206,422,0,0,6171,10205,4697,4275,9,0,"NONE","UTILITY",928,26,14,2,860,1600,769,426,26,FALSE,FALSE,FALSE,FALSE
"248",4,5,9,147691,23954,138592,8897,202,549,549,9583,16156,10956,10150,223,0,"BOTTOM","BOTTOM",1689,10,7,0,400,2342,1221,3779,50,FALSE,FALSE,FALSE,FALSE
"249",9,3,8,272325,23876,15334,187224,69764,50839,2301,29101,37185,11410,9300,17,170,"JUNGLE","JUNGLE",1413,17,5,2,494,24813,0,0,20,FALSE,FALSE,FALSE,FALSE
"250",8,1,9,122648,17681,34342,75599,12706,12740,9039,6622,12087,12102,11883,170,4,"BOTTOM","BOTTOM",1232,20,8,2,669,2467,0,0,2,TRUE,FALSE,TRUE,FALSE
"251",0,5,3,90140,8336,85162,4978,0,1382,0,19837,18252,7355,7310,172,0,"MIDDLE","MIDDLE",1416,17,8,3,509,368,0,453,22,FALSE,FALSE,FALSE,FALSE
"252",5,3,3,81573,10290,49895,11207,20470,563,0,5217,12377,6581,5625,28,66,"NONE","JUNGLE",961,12,3,2,455,4504,0,0,18,FALSE,FALSE,FALSE,FALSE
"253",10,5,5,226543,34113,0,211386,15156,13368,10966,43970,36774,16312,13825,269,4,"TOP","TOP",1992,17,11,0,670,772,0,0,52,FALSE,FALSE,FALSE,FALSE
"254",4,5,1,107826,16492,4743,89269,13813,19735,12075,12402,20904,11805,11200,207,0,"BOTTOM","BOTTOM",1585,17,6,5,521,4120,0,0,6,FALSE,FALSE,TRUE,FALSE
"255",4,5,9,247167,12140,35975,135955,75236,29754,2328,32339,36100,10987,9500,44,166,"JUNGLE","JUNGLE",1488,34,4,10,583,20474,0,0,26,FALSE,FALSE,FALSE,FALSE
"256",2,6,18,44053,11041,31124,8329,4599,12146,1064,20637,22432,9258,7650,34,0,"JUNGLE","UTILITY",1817,76,30,15,599,5818,288,609,67,FALSE,FALSE,FALSE,FALSE
"257",7,3,9,54207,13892,49222,3739,1245,9970,3566,4245,11276,9710,7625,32,2,"BOTTOM","UTILITY",1562,89,46,7,572,771,0,0,31,FALSE,FALSE,FALSE,TRUE
"258",7,2,0,92336,12397,4740,84448,3148,4447,4199,10842,13139,8624,7725,149,0,"NONE","TOP",958,14,5,1,710,3984,0,0,13,FALSE,FALSE,TRUE,FALSE
"259",2,2,9,106969,7668,94960,9742,2266,3395,3016,2974,8075,10450,9000,188,0,"BOTTOM","BOTTOM",1585,21,8,5,559,1692,774,152,20,FALSE,FALSE,FALSE,TRUE
"260",4,8,11,244813,14895,17451,155708,71653,5713,0,45208,31352,10988,10650,37,159,"JUNGLE","JUNGLE",1837,19,5,3,449,11579,0,0,32,FALSE,FALSE,FALSE,FALSE
"261",8,7,8,308932,22067,82795,138949,87189,51738,2068,19173,37585,14096,13225,20,214,"TOP","JUNGLE",2177,50,7,14,638,17538,0,0,18,FALSE,FALSE,FALSE,FALSE
"262",9,8,5,249376,46974,37684,194478,17213,10447,3271,19702,37175,15086,14893,258,14,"TOP","TOP",2045,16,10,3,408,6520,0,0,20,FALSE,FALSE,FALSE,FALSE
"263",8,2,3,105957,28310,92958,12303,695,3097,3097,7082,15566,9808,9525,156,0,"BOTTOM","BOTTOM",1485,18,10,0,841,2734,0,0,52,FALSE,FALSE,FALSE,FALSE
"264",6,1,11,164233,21348,138806,21788,3638,7321,3072,7395,13069,11484,10425,237,4,"MIDDLE","MIDDLE",1584,19,10,6,538,2385,0,4200,23,FALSE,FALSE,FALSE,FALSE
"265",1,6,5,81936,8214,70071,11353,510,1582,1582,14221,24559,6564,6250,118,2,"TOP","TOP",1279,9,6,0,288,15076,0,0,23,FALSE,FALSE,FALSE,FALSE
"266",1,3,5,8934,3436,5168,2631,1134,347,347,7383,12183,4845,4575,23,0,"BOTTOM","UTILITY",1209,16,8,1,746,8391,4492,1912,6,FALSE,FALSE,FALSE,FALSE
"267",5,6,15,179787,13966,15947,5505,158334,7201,167,16582,18686,10513,8950,13,132,"JUNGLE","JUNGLE",1703,27,1,8,415,8185,2410,13959,70,FALSE,TRUE,FALSE,FALSE
"268",12,1,8,148281,25275,115543,10363,22375,10445,3254,5631,12427,13442,11900,206,0,"BOTTOM","BOTTOM",1620,16,7,0,980,3093,0,0,19,TRUE,FALSE,FALSE,TRUE
"269",7,3,9,200272,22887,25576,164548,10147,26655,7932,21674,23322,13378,11525,215,9,"TOP","TOP",1539,24,8,2,363,8343,0,0,17,FALSE,FALSE,FALSE,FALSE
"270",5,3,6,205626,12728,8841,130584,66200,44775,3500,17685,19804,11430,11075,39,136,"JUNGLE","JUNGLE",1304,14,5,1,603,11059,0,0,4,FALSE,FALSE,FALSE,FALSE
"271",4,0,3,82538,7932,192,82296,48,6565,4034,1697,3694,8426,6500,171,4,"NONE","BOTTOM",1159,10,6,1,0,1101,0,0,6,FALSE,FALSE,FALSE,TRUE
"272",4,2,3,66969,10064,11446,54139,1383,6185,6185,3449,8423,7286,4575,115,0,"NONE","MIDDLE",900,5,4,0,550,1258,0,0,0,FALSE,FALSE,FALSE,FALSE
"273",10,4,9,152131,27822,122445,14632,15053,5223,1860,12536,22444,13547,12700,210,0,"MIDDLE","MIDDLE",1982,16,4,3,999,2578,0,0,42,FALSE,FALSE,FALSE,FALSE
"274",4,3,10,154673,19499,2511,151055,1106,7660,3442,12723,16565,12526,12275,227,4,"BOTTOM","BOTTOM",1668,18,8,8,656,6012,0,0,3,FALSE,FALSE,FALSE,FALSE
"275",27,10,17,111913,50539,7436,103120,1355,216,216,23775,26767,17077,18310,109,0,"MIDDLE","",1273,0,0,0,306,2539,0,0,13,TRUE,FALSE,FALSE,FALSE
"276",3,14,7,329685,15206,31077,224338,74268,18875,5548,32815,60111,13240,12550,24,221,"JUNGLE","JUNGLE",2210,29,2,5,442,25027,0,0,21,FALSE,FALSE,FALSE,FALSE
"277",6,1,1,52697,7331,461,51228,1008,3447,3447,12378,12320,6993,6950,117,0,"NONE","TOP",912,8,4,1,527,1557,0,92,11,FALSE,FALSE,FALSE,FALSE
"278",2,5,5,52827,10064,22963,26784,3080,117,0,4279,10823,6065,5933,115,0,"NONE","BOTTOM",970,4,4,2,287,543,0,0,0,FALSE,FALSE,FALSE,FALSE
"279",6,6,12,142109,29990,115140,17477,9491,17353,8792,11044,22616,13134,12200,164,2,"JUNGLE","TOP",1937,29,15,2,408,6195,0,0,28,FALSE,TRUE,FALSE,FALSE
"280",8,10,44,28066,18841,15703,8352,4010,283,283,63233,43812,11538,9000,14,0,"NONE","",971,0,0,0,113,7632,253,0,80,FALSE,FALSE,FALSE,TRUE
"281",8,6,8,142652,30460,125148,14561,2942,6669,3128,8219,22760,12294,11300,204,4,"MIDDLE","MIDDLE",1777,19,11,2,747,1310,0,0,30,FALSE,FALSE,FALSE,FALSE
"282",1,4,9,124402,13275,36193,87329,880,12745,1679,7438,13978,10183,10100,191,1,"MIDDLE","BOTTOM",1680,11,7,0,731,1477,0,0,1,FALSE,TRUE,FALSE,FALSE
"283",2,3,12,22611,9011,0,20474,2137,3235,3235,4428,11818,6902,6300,20,0,"NONE","UTILITY",922,20,11,1,358,6221,2125,953,20,FALSE,FALSE,FALSE,TRUE
"284",2,4,10,242991,13459,15476,162915,64597,30437,225,25881,32349,10703,10550,14,167,"JUNGLE","JUNGLE",1511,15,1,3,690,19112,0,0,14,FALSE,TRUE,FALSE,FALSE
"285",11,7,12,189229,47227,1964,178980,8284,9330,4682,81449,49771,15125,13625,199,6,"TOP","TOP",2038,16,11,1,631,12482,0,0,25,TRUE,FALSE,FALSE,FALSE
"286",4,2,3,70623,10650,58887,8623,3112,2081,1570,2213,4971,7256,5800,156,0,"NONE","MIDDLE",1006,18,9,3,277,291,0,176,11,FALSE,FALSE,FALSE,FALSE
"287",5,1,7,109781,12501,91077,16488,2215,5840,5840,6450,12126,11567,9585,171,0,"MIDDLE","MIDDLE",1772,25,6,0,1308,862,0,0,9,FALSE,FALSE,FALSE,FALSE
"288",7,4,4,105642,19273,99405,6045,192,422,0,7191,12036,9292,9075,174,0,"MIDDLE","MIDDLE",1345,13,7,0,573,853,0,0,29,FALSE,FALSE,FALSE,FALSE
"289",2,6,20,27842,10459,20054,5094,2693,1933,734,8949,19900,8730,7800,27,0,"BOTTOM","UTILITY",2030,92,40,5,1071,11268,6322,2108,38,FALSE,FALSE,FALSE,FALSE
"290",7,3,7,142163,22276,16649,123355,2158,5871,5580,12089,19891,11233,11210,195,13,"MIDDLE","MIDDLE",1309,17,4,1,584,9609,0,0,12,FALSE,FALSE,FALSE,FALSE
"291",1,9,13,24216,5926,16207,4659,3349,4789,0,12983,24274,7487,7025,32,0,"BOTTOM","UTILITY",1890,76,35,8,394,3459,1088,9931,28,FALSE,FALSE,FALSE,FALSE
"292",2,6,15,53202,8120,42127,5342,5733,4619,817,26039,30517,8992,7875,48,2,"BOTTOM","UTILITY",1845,79,41,6,839,6466,357,737,52,FALSE,FALSE,FALSE,FALSE
"293",0,0,1,71,71,15,56,0,0,0,0,0,533,500,0,0,"NONE","TOP",105,0,1,0,0,0,0,0,0,FALSE,TRUE,FALSE,FALSE
"294",12,11,41,141255,67029,130441,6864,3949,3333,3333,17140,31944,18585,16400,63,0,"TOP","",1588,0,0,0,203,2858,0,0,113,TRUE,FALSE,FALSE,FALSE
"295",1,8,7,67157,23340,62248,3700,1208,37,37,6917,20906,7726,6775,67,0,"BOTTOM","UTILITY",1770,58,20,10,406,183,0,0,24,FALSE,FALSE,FALSE,FALSE
"296",13,9,7,256990,47903,3786,244857,8346,20324,10331,21417,35288,19498,19600,278,16,"BOTTOM","BOTTOM",2363,20,11,2,914,10670,0,0,14,FALSE,FALSE,FALSE,FALSE
"297",2,13,23,94862,24501,16764,78098,0,1438,1438,48933,41686,12679,12425,128,0,"TOP","",1200,0,0,0,223,8126,0,0,22,FALSE,FALSE,FALSE,FALSE
"298",5,10,8,147989,24089,131960,9900,6128,3068,2071,11000,25116,11909,11500,233,0,"MIDDLE","MIDDLE",1855,20,10,1,364,1365,0,0,31,FALSE,FALSE,FALSE,FALSE
"299",5,7,3,153549,21481,128348,20629,4571,5521,4729,14735,31684,11220,11125,215,0,"MIDDLE","TOP",1864,24,8,4,534,5824,0,0,12,FALSE,FALSE,FALSE,FALSE
"300",1,3,1,106880,5288,62796,19517,24566,2966,0,10068,12399,5234,4300,9,96,"NONE","JUNGLE",911,4,1,0,374,6301,0,0,4,FALSE,FALSE,FALSE,FALSE
"301",7,2,11,137407,24489,16354,120268,784,12260,4349,7005,14502,11344,9683,198,12,"BOTTOM","BOTTOM",1355,12,7,3,788,5319,0,0,1,FALSE,FALSE,FALSE,FALSE
"302",5,2,4,100764,17508,83053,9899,7811,8852,6637,4364,14065,9202,8475,164,0,"MIDDLE","MIDDLE",1208,13,7,1,511,3850,0,0,6,FALSE,FALSE,FALSE,FALSE
"303",5,1,6,164337,17043,11549,144974,7813,22773,1774,17224,14121,10727,10240,205,13,"MIDDLE","MIDDLE",1689,13,6,1,1413,5370,0,0,22,FALSE,FALSE,FALSE,FALSE
"304",5,5,19,22834,12678,0,18646,4188,3165,2806,7538,17065,9955,8125,20,0,"BOTTOM","UTILITY",1512,99,43,11,500,4131,0,0,28,FALSE,FALSE,FALSE,FALSE
"305",7,6,7,312105,32176,2929,251454,57720,34365,4441,16121,27083,13674,13525,60,158,"JUNGLE","JUNGLE",1945,35,6,4,459,9754,0,0,28,FALSE,FALSE,FALSE,FALSE
"306",13,4,10,204513,39685,182988,19312,2212,19983,6430,19500,28027,16533,15075,253,0,"MIDDLE","MIDDLE",1931,24,8,5,643,2988,0,1098,30,FALSE,FALSE,FALSE,FALSE
"307",1,2,14,24200,9528,14788,5155,4256,3346,313,8110,13111,6974,6050,25,0,"BOTTOM","UTILITY",1476,53,25,5,663,2071,0,5847,30,FALSE,TRUE,FALSE,FALSE
"308",13,7,13,440631,44523,352724,7387,80517,56748,7307,18718,36607,18382,15800,55,251,"JUNGLE","JUNGLE",2081,21,6,3,526,13720,0,0,23,FALSE,FALSE,FALSE,FALSE
"309",3,8,13,304815,45159,262520,17839,24455,12294,5860,15775,27225,17613,15700,338,0,"BOTTOM","BOTTOM",2502,37,18,3,746,392,0,0,20,FALSE,FALSE,TRUE,FALSE
"310",12,7,7,168370,34252,8770,150481,9118,7021,6779,17313,22316,13750,11460,208,0,"MIDDLE","MIDDLE",1753,26,6,4,739,2460,0,0,6,FALSE,FALSE,FALSE,FALSE
"311",2,6,5,163613,9528,0,120960,42652,11979,0,25017,27333,8782,8250,42,114,"JUNGLE","JUNGLE",1370,14,2,1,396,10878,0,0,18,FALSE,FALSE,FALSE,FALSE
"312",2,9,6,12698,4259,4044,4235,4418,428,428,15104,13729,5226,4500,18,0,"NONE","UTILITY",1125,28,15,1,185,0,0,0,30,FALSE,FALSE,FALSE,TRUE
"313",4,9,13,234310,34854,208192,15842,10275,12695,5774,16011,29840,16003,15935,280,3,"MIDDLE","MIDDLE",2276,18,11,2,361,3923,0,0,48,FALSE,TRUE,FALSE,FALSE
"314",13,4,6,182712,26492,45895,124708,12108,32322,16732,9441,15615,15370,12905,218,16,"BOTTOM","BOTTOM",1384,8,5,0,371,2943,0,0,9,FALSE,FALSE,TRUE,FALSE
"315",3,5,8,113079,21179,7499,101123,4456,8335,6930,25522,25429,10533,9483,167,0,"TOP","TOP",1530,14,8,1,879,2152,0,0,54,FALSE,FALSE,FALSE,FALSE
"316",9,5,14,208244,36800,0,203494,4750,19874,5759,51542,37164,15033,13000,195,18,"TOP","TOP",1983,23,10,1,868,13825,0,0,20,TRUE,FALSE,FALSE,FALSE
"317",2,1,3,98490,5197,277,67877,30336,208,208,5631,12924,5599,5350,2,97,"NONE","JUNGLE",931,11,3,1,869,8645,0,0,2,FALSE,FALSE,FALSE,FALSE
"318",8,5,3,156184,17344,14062,133794,8327,1213,1213,8617,18389,13819,13050,232,8,"BOTTOM","BOTTOM",1676,15,8,3,691,5923,0,0,2,FALSE,FALSE,FALSE,FALSE
"319",9,2,13,287888,32362,275905,10112,1870,35509,9505,31135,33939,17023,15380,279,16,"TOP","MIDDLE",1802,33,10,6,920,9151,0,0,35,FALSE,FALSE,FALSE,FALSE
"320",7,10,6,96971,18235,34565,55407,6998,6307,190,11379,24420,9963,9383,134,0,"BOTTOM","BOTTOM",1552,14,8,1,443,1735,0,0,3,FALSE,FALSE,FALSE,FALSE
"321",2,12,3,13571,7172,7513,3224,2833,684,0,17218,32477,7193,7260,25,0,"BOTTOM","UTILITY",1744,65,29,3,451,708,326,1438,39,FALSE,FALSE,FALSE,FALSE
"322",0,7,11,11265,3902,7083,2561,1619,1108,238,6296,18205,6901,6425,17,0,"BOTTOM","UTILITY",1741,61,30,6,470,16729,12551,1238,27,FALSE,FALSE,FALSE,FALSE
"323",3,9,3,79059,22989,3904,74788,367,0,0,12196,19586,7787,7500,148,4,"BOTTOM","BOTTOM",1441,9,6,1,379,2339,0,0,22,FALSE,FALSE,FALSE,FALSE
"324",4,7,4,164259,24575,185,147120,16954,9043,9043,46433,37870,12496,12275,220,4,"TOP","TOP",1929,37,13,5,955,16669,0,0,11,FALSE,FALSE,FALSE,FALSE
"325",9,0,9,52898,12305,1772,45810,5314,7782,1890,18140,10956,11165,10725,48,3,"BOTTOM","UTILITY",1790,94,50,11,0,1722,0,857,21,FALSE,FALSE,FALSE,FALSE
"326",7,7,3,169622,19128,26156,90872,52592,10364,0,30104,31382,9856,9450,12,128,"JUNGLE","JUNGLE",1413,17,11,0,332,14271,0,642,23,FALSE,FALSE,FALSE,FALSE
"327",3,5,7,80564,12391,67747,8202,4614,1891,1493,3315,8753,7226,5700,127,0,"NONE","BOTTOM",1032,9,5,1,176,691,0,0,11,FALSE,FALSE,FALSE,FALSE
"328",19,14,16,104078,35663,11430,91413,1235,3322,3322,17668,31686,15215,14750,76,0,"JUNGLE","",1220,0,0,0,163,3972,0,0,0,FALSE,TRUE,FALSE,FALSE
"329",4,1,4,107377,12523,93024,9430,4921,3874,3874,7219,11818,8532,7675,157,0,"NONE","MIDDLE",1113,16,9,0,155,1116,0,0,1,FALSE,TRUE,FALSE,FALSE
"330",12,3,16,399608,58517,363566,25446,10594,15629,6501,21518,14424,20048,18100,340,14,"BOTTOM","BOTTOM",2655,24,14,4,1319,1040,0,10790,64,FALSE,FALSE,FALSE,TRUE
"331",2,5,13,12499,4872,4306,5179,3013,1016,0,20320,18471,7629,7125,28,0,"BOTTOM","UTILITY",1769,86,33,13,1091,898,0,174,39,FALSE,TRUE,FALSE,FALSE
"332",6,9,8,150854,31601,136522,8679,5652,2953,2953,13011,25799,11666,11525,200,2,"MIDDLE","MIDDLE",1709,14,6,1,678,1296,0,0,32,FALSE,FALSE,FALSE,TRUE
"333",28,11,11,88749,50055,9976,70161,8611,901,901,62631,53870,18032,17100,45,0,"TOP","",1430,0,0,0,201,19628,0,407,32,FALSE,FALSE,FALSE,FALSE
"334",5,7,6,178007,17593,15659,99171,63177,12251,0,23287,31371,8843,8758,10,135,"JUNGLE","JUNGLE",1353,12,5,0,254,11465,0,0,19,FALSE,TRUE,FALSE,FALSE
"335",16,3,3,105575,24664,97503,6328,1742,4608,4608,6218,13552,11381,9675,148,0,"NONE","MIDDLE",1186,7,5,0,368,1717,0,0,1,FALSE,FALSE,FALSE,FALSE
"336",4,2,1,103399,13361,696,96996,5706,8402,7509,2870,7406,9384,9150,183,0,"BOTTOM","BOTTOM",1252,20,9,3,752,1574,0,0,12,FALSE,FALSE,FALSE,TRUE
"337",2,5,3,169969,9971,2544,114234,53189,6085,885,11169,18570,7629,7550,22,130,"JUNGLE","JUNGLE",1209,15,4,2,452,6743,0,0,10,FALSE,FALSE,FALSE,FALSE
"338",15,11,20,66435,36756,412,62939,3082,1498,1498,38719,29265,12314,11750,36,0,"NONE","",1004,0,0,0,214,6427,0,0,40,FALSE,TRUE,FALSE,FALSE
"339",2,12,3,112615,15142,5987,84738,21889,9422,4090,17139,34127,8525,8543,159,0,"TOP","TOP",1675,21,9,3,238,2656,0,0,41,FALSE,FALSE,FALSE,FALSE
"340",5,10,4,148775,22882,0,145070,3704,1156,1156,37930,30095,11797,11855,204,0,"TOP","TOP",1688,8,5,0,269,5047,0,0,14,FALSE,FALSE,FALSE,FALSE
"341",0,4,16,17092,6537,7760,4580,4750,1677,0,15597,13661,7068,6725,27,0,"BOTTOM","UTILITY",1645,79,32,9,632,873,219,1553,24,FALSE,TRUE,FALSE,FALSE
"342",10,2,4,174904,15614,8610,162203,4090,19399,13971,15074,19745,14792,11983,195,13,"TOP","TOP",1389,13,5,2,520,6913,0,0,12,TRUE,FALSE,TRUE,FALSE
"343",16,18,31,117454,64624,16872,99592,989,1636,1636,140306,118602,14929,14300,54,0,"NONE","",1179,0,0,0,71,20819,0,0,28,FALSE,TRUE,FALSE,FALSE
"344",1,9,18,17989,7827,8824,4769,4395,1158,1158,25787,26144,8325,8100,25,0,"BOTTOM","UTILITY",1719,78,41,6,343,1313,0,153,51,FALSE,TRUE,FALSE,FALSE
"345",3,1,1,123479,13904,13698,106922,2857,5352,411,16552,16730,8989,8600,210,0,"TOP","TOP",1464,17,8,1,1164,5917,0,0,12,FALSE,FALSE,FALSE,FALSE
"346",3,5,2,95213,13989,73829,9194,12189,1897,1897,5354,11161,7358,6950,160,0,"NONE","BOTTOM",1163,11,6,2,426,541,0,0,8,FALSE,FALSE,FALSE,FALSE
"347",16,4,5,177572,43334,1603,172083,3884,16272,11594,9775,21824,13734,11900,178,20,"BOTTOM","BOTTOM",1256,8,3,2,456,8590,0,0,16,FALSE,FALSE,TRUE,FALSE
"348",2,9,13,60727,18938,41803,4039,14883,1509,447,7653,28739,9260,8800,36,4,"BOTTOM","UTILITY",2061,68,37,3,495,4889,0,0,39,FALSE,FALSE,FALSE,FALSE
"349",1,4,3,136041,4524,5187,99245,31608,12910,246,10602,18229,6208,6000,10,115,"NONE","JUNGLE",1097,10,2,1,389,10042,0,0,5,FALSE,FALSE,FALSE,FALSE
"350",4,1,9,143774,17258,121996,11909,9867,22706,4272,7612,14572,12609,11625,254,0,"TOP","TOP",1782,18,9,3,1620,4334,0,0,13,FALSE,FALSE,FALSE,FALSE
"351",7,5,5,148101,18599,14926,119914,13261,4141,3734,8669,14333,12586,11850,219,0,"BOTTOM","BOTTOM",1645,16,8,2,462,2368,0,0,25,FALSE,FALSE,FALSE,FALSE
"352",10,3,13,204846,15998,9979,124767,70099,34544,8809,40567,29988,13382,11950,26,145,"JUNGLE","JUNGLE",1490,25,2,6,679,14846,0,0,17,FALSE,FALSE,FALSE,TRUE
"353",10,4,15,143495,26821,12573,129542,1380,14380,14326,10541,12250,12748,11300,165,8,"MIDDLE","MIDDLE",1347,17,9,2,570,1973,0,0,9,FALSE,TRUE,TRUE,FALSE
"354",13,5,13,65481,26429,15037,50232,210,7778,7778,6552,13133,11613,10583,42,0,"NONE","",926,0,0,0,297,1688,0,0,0,FALSE,FALSE,FALSE,TRUE
"355",5,8,11,183071,33188,169882,12027,1160,10707,7058,14253,21748,13601,13600,250,4,"BOTTOM","BOTTOM",2031,13,10,3,650,882,0,369,37,TRUE,FALSE,FALSE,FALSE
"356",15,9,13,295299,28418,10586,233134,51577,28091,5140,28432,41150,16130,14350,33,163,"JUNGLE","JUNGLE",1926,28,4,8,334,20420,0,0,15,FALSE,FALSE,FALSE,FALSE
"357",1,2,0,23506,4212,17146,3665,2694,0,0,4539,10837,4116,4000,66,0,"NONE","MIDDLE",931,4,3,0,630,1639,0,0,6,FALSE,FALSE,FALSE,FALSE
"358",19,6,2,183938,54431,1497,139133,43306,9098,9098,40353,35368,17296,16483,194,12,"TOP","TOP",1571,9,6,0,493,15933,0,0,37,FALSE,FALSE,TRUE,FALSE
"359",3,5,4,143928,8311,86451,15753,41723,7008,0,29679,32785,8063,7825,19,110,"JUNGLE","JUNGLE",1442,17,5,1,707,34960,91,0,17,FALSE,FALSE,FALSE,FALSE
"360",20,10,12,33635,27953,0,26358,7277,0,0,20163,27169,11298,10987,8,0,"NONE","",897,0,0,0,117,7726,0,0,48,FALSE,FALSE,FALSE,FALSE
"361",2,3,3,96101,18260,25907,67268,2926,9416,7489,14321,21083,8096,7758,160,4,"TOP","TOP",1339,12,11,0,431,3169,0,0,8,FALSE,FALSE,FALSE,FALSE
"362",11,5,7,171184,38046,75750,83067,12366,10805,524,18787,24675,14898,13550,246,0,"BOTTOM","BOTTOM",2190,32,14,10,724,3793,0,0,11,FALSE,FALSE,FALSE,FALSE
"363",16,7,13,328666,46738,0,324534,4131,47051,9717,14152,24265,18115,17350,246,30,"BOTTOM","BOTTOM",2080,11,5,4,383,5350,0,0,28,FALSE,TRUE,TRUE,FALSE
"364",3,2,8,217545,13956,35199,97956,84390,8142,28,39477,33661,10440,7450,25,130,"JUNGLE","JUNGLE",1788,26,5,8,681,16835,0,0,38,FALSE,FALSE,FALSE,FALSE
"365",3,10,5,107976,11700,12035,85118,10821,1209,962,19313,24227,8602,7825,150,4,"TOP","TOP",1545,14,8,1,317,1360,0,0,11,FALSE,FALSE,FALSE,FALSE
"366",1,6,4,215161,12506,112365,45055,57739,6140,0,36784,32248,9313,9250,46,161,"JUNGLE","JUNGLE",1683,21,1,6,518,14118,0,0,23,FALSE,FALSE,FALSE,FALSE
"367",3,0,4,64577,11213,15895,47326,1356,3589,3589,9355,14102,7435,4975,141,0,"NONE","TOP",914,8,5,0,0,9355,0,0,9,FALSE,TRUE,TRUE,FALSE
"368",5,6,9,115725,16752,96488,14325,4911,3086,254,8628,17723,10133,9550,179,0,"BOTTOM","BOTTOM",1667,27,11,4,543,1563,0,1545,38,FALSE,FALSE,FALSE,FALSE
"369",0,5,4,17942,3763,13165,2552,2224,457,129,8174,15466,6034,5275,24,0,"BOTTOM","UTILITY",1675,63,31,3,560,2997,1301,5912,24,FALSE,FALSE,FALSE,FALSE
"370",5,3,11,100365,9158,89848,9728,789,11465,6372,6763,9075,10403,8800,165,0,"BOTTOM","BOTTOM",1522,15,7,2,697,2198,876,1506,14,FALSE,FALSE,FALSE,FALSE
"371",4,7,7,47737,21412,38134,5568,4034,1421,157,12037,17645,8404,7650,36,0,"BOTTOM","UTILITY",1652,55,24,10,504,1774,0,1437,37,FALSE,FALSE,FALSE,FALSE
"372",6,8,18,27821,11730,19832,5307,2681,2180,345,12283,24018,8937,8550,19,0,"BOTTOM","UTILITY",1639,60,30,3,472,2430,446,6820,36,FALSE,FALSE,FALSE,FALSE
"373",5,14,22,45910,19475,10160,33165,2583,0,0,40284,49842,13139,13783,27,0,"TOP","",1319,0,0,0,147,8169,0,0,24,FALSE,FALSE,FALSE,FALSE
"374",7,1,6,119064,23161,81269,25012,12782,4513,4513,75070,27696,11093,9700,171,0,"TOP","TOP",1406,16,6,1,1164,12778,0,0,65,TRUE,FALSE,TRUE,FALSE
"375",14,8,30,111776,48136,12459,99317,0,4155,4155,20919,28786,14757,12600,86,0,"NONE","",1041,1,0,0,157,9552,0,0,17,TRUE,FALSE,FALSE,TRUE
"376",6,9,37,31040,21329,23589,6395,1055,466,466,27311,32650,10666,9275,14,0,"NONE","",935,0,0,0,117,1366,189,2900,55,FALSE,FALSE,FALSE,TRUE
"377",2,14,0,158873,20959,0,141773,17099,6186,6186,22444,38964,10117,9600,195,0,"TOP","TOP",1791,19,10,2,234,2706,0,0,20,FALSE,FALSE,FALSE,FALSE
"378",5,5,3,116325,17251,2327,113814,183,1984,1984,20267,26502,10676,9450,203,8,"TOP","TOP",1629,13,5,2,838,7534,0,0,7,FALSE,FALSE,FALSE,FALSE
"379",5,6,3,305112,29438,133662,51297,120151,27426,0,29790,45273,11849,11400,32,210,"JUNGLE","JUNGLE",1645,28,6,1,870,24398,0,0,12,FALSE,FALSE,FALSE,FALSE
"380",1,4,4,102615,19993,33829,60894,7891,5075,3353,6507,13111,8484,8308,165,0,"BOTTOM","BOTTOM",1239,4,3,0,759,726,0,0,1,FALSE,FALSE,FALSE,FALSE
"381",3,1,9,165431,6540,5525,100536,59368,30914,2983,10669,19128,8323,7083,3,129,"NONE","JUNGLE",1161,18,6,1,1037,12991,0,0,9,FALSE,TRUE,FALSE,TRUE
"382",1,1,7,12075,3410,4292,4498,3283,1806,1543,2465,4367,5042,3725,17,0,"NONE","UTILITY",961,23,12,1,184,3617,2590,2170,10,FALSE,TRUE,FALSE,FALSE
"383",3,1,2,107819,16657,59807,43804,4207,5963,3794,32327,19213,8713,8050,169,2,"NONE","TOP",1143,8,6,0,1030,6019,0,0,15,TRUE,FALSE,TRUE,FALSE
"384",1,4,10,20905,8340,12596,5825,2483,349,349,6793,12067,5920,5100,28,0,"BOTTOM","UTILITY",1444,38,19,5,605,7201,4853,4899,26,FALSE,FALSE,FALSE,FALSE
"385",1,2,8,166678,5205,15145,108714,42818,34079,0,9033,18484,7224,7100,13,138,"NONE","JUNGLE",1096,10,1,2,504,11889,0,0,5,FALSE,FALSE,FALSE,FALSE
"386",0,7,17,18539,5700,6931,6043,5563,5726,1461,15036,18348,7363,7125,25,0,"BOTTOM","UTILITY",1423,55,28,3,343,1281,0,2107,34,FALSE,FALSE,FALSE,FALSE
"387",11,8,14,228553,49613,203958,18289,6305,9954,6803,16896,32342,17922,17100,281,10,"MIDDLE","MIDDLE",2520,38,14,6,1090,3401,2083,2679,38,FALSE,FALSE,FALSE,FALSE
"388",3,7,15,32627,12546,16427,9173,7026,1887,930,47599,28347,9384,8900,52,0,"MIDDLE","UTILITY",2022,90,43,7,473,4344,466,895,71,FALSE,TRUE,FALSE,FALSE
"389",6,3,6,64934,12688,0,63154,1780,4748,4459,5201,10357,7688,7550,113,0,"NONE","MIDDLE",915,6,3,0,251,1706,0,0,1,TRUE,FALSE,FALSE,FALSE
"390",2,5,6,138480,12347,13325,114580,10574,11338,10984,17372,18322,10881,9480,191,4,"MIDDLE","MIDDLE",1330,14,8,1,517,2491,0,0,16,FALSE,FALSE,FALSE,FALSE
"391",0,11,16,34030,14847,29163,1546,3320,1451,299,52155,37613,8740,7675,24,0,"BOTTOM","UTILITY",2173,88,37,5,571,1923,0,5049,53,FALSE,FALSE,FALSE,FALSE
"392",1,5,8,187232,15720,23500,159338,4393,8452,7198,50465,31623,12000,11275,256,2,"TOP","TOP",1942,21,13,5,979,3933,0,0,35,FALSE,FALSE,FALSE,FALSE
"393",7,6,6,21974,8337,0,21974,0,739,739,8808,11864,6781,6575,18,0,"NONE","",515,0,0,0,117,1172,0,0,6,FALSE,FALSE,FALSE,FALSE
"394",13,5,8,269656,45453,1590,263425,4640,22020,11206,8542,18879,18131,16000,269,0,"BOTTOM","BOTTOM",2298,26,9,6,792,3909,0,0,33,FALSE,FALSE,FALSE,FALSE
"395",11,11,0,298721,35828,2841,278785,17095,4077,410,21464,31201,17375,17450,288,12,"MIDDLE","MIDDLE",2334,25,15,5,543,6335,0,0,25,TRUE,FALSE,FALSE,FALSE
"396",5,6,6,202626,21337,24475,171291,6860,14233,3162,23653,25774,12691,11875,208,20,"TOP","TOP",1822,19,11,2,454,9296,0,0,25,FALSE,FALSE,TRUE,FALSE
"397",8,5,12,377252,41564,191642,29823,155790,36841,1875,34797,63265,15139,12665,51,216,"JUNGLE","JUNGLE",1982,39,2,3,704,39502,0,0,35,FALSE,FALSE,FALSE,FALSE
"398",9,8,2,155992,32787,132982,13613,9397,7761,4912,11245,26544,14601,14050,200,0,"MIDDLE","MIDDLE",1978,19,7,3,682,1669,0,0,12,FALSE,FALSE,TRUE,FALSE
"399",11,1,7,211649,41427,176371,20079,15198,9174,9174,9496,18252,14445,13650,233,8,"MIDDLE","MIDDLE",1812,16,10,0,1587,4391,0,0,12,TRUE,FALSE,FALSE,FALSE
"400",3,4,17,31466,13891,20164,4921,6380,6291,1695,9049,14694,8296,7050,32,0,"BOTTOM","UTILITY",1656,76,30,12,838,11883,8819,4966,22,FALSE,FALSE,FALSE,FALSE
"401",5,9,1,86669,15760,67923,15784,2961,0,0,8111,20309,9810,9150,151,0,"MIDDLE","MIDDLE",1469,9,3,1,523,824,0,0,9,FALSE,FALSE,FALSE,FALSE
"402",3,0,4,117792,5866,43381,37835,36575,14957,0,5020,12060,6310,6100,10,113,"NONE","JUNGLE",951,13,2,2,0,8342,0,0,12,FALSE,FALSE,FALSE,FALSE
"403",2,4,2,82505,6942,67940,10363,4200,3387,3387,8114,14666,7527,6250,152,0,"NONE","MIDDLE",1162,11,6,1,648,2623,0,0,4,FALSE,FALSE,FALSE,FALSE
"404",2,6,28,30813,14641,12768,8061,9984,1709,754,47116,24949,9606,9075,26,2,"BOTTOM","UTILITY",1865,75,38,5,321,3346,247,1334,104,FALSE,FALSE,FALSE,FALSE
"405",8,1,14,185508,35280,117919,18562,49026,11197,7516,12358,19039,13974,12275,228,2,"MIDDLE","MIDDLE",1712,17,3,2,1267,8950,0,0,23,FALSE,FALSE,FALSE,FALSE
"406",4,3,5,130196,17466,9759,118119,2317,5556,1844,21466,26524,10391,9380,181,12,"TOP","TOP",1715,28,8,2,883,7450,0,0,21,FALSE,FALSE,FALSE,FALSE
"407",6,1,3,101260,16058,1170,94411,5678,4225,4225,5360,11701,9625,8818,159,0,"NONE","MIDDLE",917,10,5,0,230,1794,0,0,7,FALSE,FALSE,FALSE,FALSE
"408",4,7,14,192686,13557,5596,129570,57519,29113,0,24772,36519,10198,9075,28,122,"JUNGLE","JUNGLE",1588,26,1,7,495,20479,0,0,19,TRUE,FALSE,FALSE,FALSE
"409",17,7,8,141011,42485,4919,131413,4679,7332,2629,18297,29576,12823,12500,158,0,"BOTTOM","BOTTOM",1678,6,5,0,712,3398,0,0,45,FALSE,FALSE,FALSE,FALSE
"410",15,3,20,55066,30895,0,52249,2817,3898,3898,12146,11358,10889,8600,57,0,"NONE","",717,0,0,0,232,4181,1063,0,0,FALSE,FALSE,TRUE,FALSE
"411",2,0,2,127976,12374,3073,121099,3804,11411,8132,19781,22055,10943,9125,198,1,"TOP","TOP",1463,17,8,3,0,9365,0,0,25,FALSE,FALSE,FALSE,FALSE
"412",14,11,16,79433,26250,4534,73438,1460,890,890,15631,25331,15118,14250,72,0,"NONE","",1181,0,0,0,224,3199,0,0,0,FALSE,TRUE,FALSE,FALSE
"413",10,15,15,43269,33288,1975,39606,1686,0,0,25435,26674,11206,10650,16,0,"NONE","",1093,0,0,0,90,448,0,0,10,TRUE,FALSE,FALSE,FALSE
"414",4,12,5,225176,16503,18072,164278,42825,10968,0,29102,42704,10566,9675,61,136,"JUNGLE","JUNGLE",1674,14,6,2,254,16015,0,0,19,FALSE,FALSE,FALSE,FALSE
"415",0,5,14,18683,9333,12247,4364,2070,659,0,5776,20250,7199,6800,23,0,"BOTTOM","UTILITY",1831,68,30,5,664,19180,14314,1778,40,FALSE,FALSE,FALSE,FALSE
"416",3,5,4,123126,15175,34004,75521,13600,7086,3731,7729,14482,9259,9125,200,0,"BOTTOM","BOTTOM",1321,10,7,0,502,1767,0,0,7,TRUE,FALSE,FALSE,FALSE
"417",4,5,3,172534,17673,5440,166703,390,904,904,28763,38818,12342,11900,256,0,"JUNGLE","TOP",1837,20,8,2,733,9178,0,0,28,TRUE,FALSE,FALSE,FALSE
"418",12,4,10,197592,16340,74475,17112,106005,23195,822,14738,27636,12552,8675,36,127,"JUNGLE","JUNGLE",1379,15,3,1,652,18138,0,0,28,TRUE,FALSE,FALSE,TRUE
"419",8,7,4,145135,26750,134565,9645,924,2917,2917,15135,19848,11809,11075,199,0,"MIDDLE","MIDDLE",1606,28,10,2,615,1325,0,0,43,FALSE,FALSE,TRUE,FALSE
"420",10,9,5,232665,20796,21037,192602,19025,9359,1742,29516,27339,14491,13700,242,19,"BOTTOM","BOTTOM",1899,25,9,5,355,5476,0,0,28,TRUE,FALSE,FALSE,FALSE
"421",6,10,7,204943,29135,48644,136125,20171,6504,6504,16299,37176,13678,13683,207,11,"BOTTOM","BOTTOM",1764,14,9,2,288,4402,0,0,3,FALSE,FALSE,TRUE,FALSE
"422",1,5,2,90554,10792,75806,11262,3484,4316,1008,4862,8797,6803,5700,153,3,"NONE","BOTTOM",1198,3,2,0,333,4,0,1232,40,TRUE,FALSE,FALSE,FALSE
"423",10,5,3,235256,23950,0,169154,66101,24985,4252,21767,35887,13824,12475,45,146,"JUNGLE","JUNGLE",1633,15,1,3,701,15357,0,0,14,FALSE,FALSE,FALSE,FALSE
"424",5,1,2,73211,14902,65800,5404,2006,3736,539,11989,15693,8169,8050,141,0,"MIDDLE","MIDDLE",1328,12,4,1,1149,4853,0,0,16,TRUE,FALSE,FALSE,FALSE
"425",5,2,10,104846,20383,20097,82093,2654,7998,908,34134,22628,10148,8250,172,0,"TOP","TOP",1556,17,9,1,662,1157,0,0,35,FALSE,FALSE,FALSE,FALSE
"426",9,8,14,417891,60002,68345,210180,139365,47505,950,173761,91496,16106,16000,57,198,"JUNGLE","JUNGLE",2713,38,3,9,803,31328,0,0,75,FALSE,TRUE,FALSE,FALSE
"427",39,16,25,194999,91783,145995,24342,24661,5328,5328,64223,62009,22438,21100,93,0,"MIDDLE","",1606,0,0,0,160,22089,0,0,9,FALSE,FALSE,TRUE,FALSE
"428",3,5,19,31305,9291,13011,5153,13140,4923,2932,17788,20884,8309,7700,25,0,"BOTTOM","UTILITY",1526,79,35,7,389,2525,265,3156,39,FALSE,FALSE,FALSE,TRUE
"429",6,0,7,26521,8215,15761,5320,5439,6106,4194,1315,4018,7658,5850,21,0,"NONE","UTILITY",1101,35,16,1,0,123,0,0,20,FALSE,TRUE,FALSE,TRUE
"430",9,1,11,30501,7610,9704,15611,5185,1032,1032,2804,4804,8486,4683,56,0,"NONE","",620,0,0,0,358,1337,0,0,0,FALSE,FALSE,FALSE,FALSE
"431",8,2,2,56904,12013,1815,54769,319,2019,2019,3886,7430,7241,6600,117,0,"NONE","BOTTOM",923,10,4,2,441,805,0,0,8,FALSE,FALSE,TRUE,FALSE
"432",10,4,11,242322,38586,84938,147884,9499,10293,5910,63157,49064,16417,14425,257,20,"MIDDLE","MIDDLE",2102,33,5,7,515,10043,0,0,57,FALSE,FALSE,FALSE,TRUE
"433",20,8,14,420650,57617,3101,338360,79187,76695,3157,39792,55305,19376,17605,61,206,"JUNGLE","JUNGLE",2295,56,7,12,672,25464,0,0,20,TRUE,FALSE,FALSE,FALSE
"434",2,6,21,29800,13897,17460,5072,7267,601,68,16808,21065,8892,8800,39,0,"BOTTOM","UTILITY",1908,104,52,12,687,6095,3543,4178,31,FALSE,FALSE,FALSE,FALSE
"435",8,9,7,305743,24283,26923,202467,76353,14007,521,47301,64956,14770,14025,60,186,"JUNGLE","JUNGLE",2323,48,5,15,456,36557,0,0,52,FALSE,FALSE,FALSE,FALSE
"436",7,2,5,104802,13805,8662,92115,4024,2931,2931,5501,11597,9728,7308,189,4,"NONE","BOTTOM",1199,16,7,0,692,3611,0,0,8,FALSE,TRUE,FALSE,FALSE
"437",5,9,6,74933,22918,1691,63603,9637,1169,1169,12776,23429,10039,9500,146,0,"BOTTOM","BOTTOM",1395,9,7,1,258,4605,0,0,21,FALSE,FALSE,FALSE,FALSE
"438",7,8,5,13792,9176,4867,8659,265,0,0,11666,13918,6303,5950,11,0,"NONE","",511,0,0,0,116,1068,0,688,7,FALSE,FALSE,FALSE,FALSE
"439",14,21,47,151250,68157,45606,98810,6834,4112,4112,30780,55071,19174,20240,108,0,"MIDDLE","",1730,0,0,0,182,4381,0,0,4,FALSE,TRUE,FALSE,FALSE
"440",11,8,5,254924,44070,225565,24863,4495,12795,9513,43101,22821,16774,16330,232,36,"TOP","MIDDLE",2015,30,6,5,439,869,0,0,10,FALSE,FALSE,FALSE,FALSE
"441",7,7,13,131269,31187,116468,12651,2150,12593,2267,13433,22127,12136,11480,167,4,"MIDDLE","MIDDLE",1738,17,10,2,349,1442,0,2943,40,FALSE,FALSE,FALSE,FALSE
"442",5,1,7,219587,9267,15444,145224,58918,36322,1404,19995,27600,10472,8350,9,155,"JUNGLE","JUNGLE",1306,10,2,0,797,18923,0,0,9,TRUE,FALSE,FALSE,FALSE
"443",3,6,2,72594,16366,66448,5697,448,4287,2934,8214,13756,7937,6075,145,0,"TOP","TOP",1249,18,8,2,485,840,0,0,7,FALSE,FALSE,FALSE,FALSE
"444",1,3,12,19981,13246,19269,411,299,767,346,5337,10523,9722,8450,5,0,"BOTTOM","UTILITY",2385,70,30,3,1406,21273,19450,15185,34,FALSE,FALSE,FALSE,TRUE
"445",30,17,35,162626,57897,131821,4932,25872,1353,1353,18425,42619,23065,25345,77,0,"MIDDLE","",1948,0,0,0,187,1934,0,0,34,FALSE,FALSE,FALSE,FALSE
"446",2,9,2,93429,17136,79108,10836,3484,1537,1537,6515,17941,7438,6335,142,0,"MIDDLE","MIDDLE",1344,10,6,2,270,65,0,0,17,FALSE,FALSE,FALSE,FALSE
"447",13,8,15,225776,29557,1212,222180,2382,9811,5131,12187,28025,15636,12750,222,24,"BOTTOM","BOTTOM",1896,45,14,13,323,8486,961,0,36,FALSE,FALSE,FALSE,FALSE
"448",6,0,5,73594,9721,62133,10343,1116,507,9,3550,7067,7542,7100,151,0,"NONE","MIDDLE",1104,18,8,2,0,1204,0,0,8,FALSE,TRUE,FALSE,FALSE
"449",1,12,12,26323,12320,11003,9627,5692,2188,1347,45690,34832,8137,8125,28,0,"JUNGLE","UTILITY",1970,92,45,6,312,2234,359,609,68,FALSE,FALSE,FALSE,FALSE
"450",9,2,16,201552,33461,1010,198042,2499,35069,6314,6524,13526,14064,12625,189,27,"BOTTOM","BOTTOM",1611,20,7,1,532,6944,0,0,33,TRUE,FALSE,TRUE,FALSE
"451",5,1,9,127213,8707,41538,14709,70964,13007,0,7209,14029,7502,6425,24,98,"NONE","JUNGLE",947,14,2,4,509,11539,0,0,12,FALSE,FALSE,FALSE,FALSE
"452",0,9,22,33184,10303,24220,5586,3377,3059,1890,73247,42834,14775,14200,57,0,"BOTTOM","UTILITY",3650,218,90,34,739,5834,500,6784,56,FALSE,FALSE,FALSE,TRUE
"453",2,7,2,91134,12923,1932,82953,6248,4471,4471,21457,23186,7424,7125,156,0,"TOP","TOP",1380,16,9,1,541,6929,393,0,9,FALSE,FALSE,FALSE,FALSE
"454",17,8,27,103679,42755,117,99760,3801,3355,3355,54994,44163,14890,12700,78,0,"NONE","",1086,0,0,0,214,5830,0,0,23,TRUE,FALSE,FALSE,FALSE
"455",4,11,13,283166,47097,243829,22892,16445,12031,3912,15861,40394,15125,15450,260,8,"TOP","TOP",2528,36,14,5,382,8314,0,0,15,FALSE,FALSE,FALSE,FALSE
"456",8,7,8,114268,28995,30784,80099,3385,7683,5921,10117,21678,10184,9150,161,0,"BOTTOM","BOTTOM",1401,16,9,1,331,1086,0,0,3,TRUE,FALSE,TRUE,FALSE
"457",3,4,3,122473,20341,90981,18522,12969,5902,3522,13087,29142,8775,8350,167,0,"MIDDLE","MIDDLE",1406,17,8,2,578,9183,0,0,11,FALSE,FALSE,FALSE,FALSE
"458",5,8,7,246963,16333,26669,153130,67164,48431,3284,17536,35581,11854,11308,21,159,"JUNGLE","JUNGLE",1674,31,8,8,293,19311,3197,0,8,FALSE,FALSE,FALSE,FALSE
"459",4,10,7,105036,22146,7301,91080,6654,2239,2239,21996,40529,9077,9100,146,0,"TOP","TOP",1615,8,4,0,303,8368,0,0,28,FALSE,FALSE,FALSE,FALSE
"460",7,15,17,84691,20629,15389,58227,11073,1605,1605,21130,32172,13552,12233,77,0,"NONE","",1160,0,0,0,94,3087,0,0,12,FALSE,FALSE,TRUE,FALSE
"461",2,6,4,91544,15044,22446,61223,7874,3453,3453,7038,15189,8074,7800,163,0,"BOTTOM","BOTTOM",1326,12,7,2,401,1184,0,0,2,FALSE,FALSE,TRUE,FALSE
"462",2,5,4,175380,21198,572,168389,6418,5021,664,14688,20484,11228,11500,258,2,"BOTTOM","BOTTOM",1861,22,10,7,868,5060,0,0,15,FALSE,FALSE,FALSE,FALSE
"463",6,4,8,124890,18966,111265,12136,1488,3592,3221,29102,27546,11220,11300,186,0,"TOP","TOP",1699,19,7,3,899,9122,0,0,50,FALSE,FALSE,FALSE,FALSE
"464",6,2,10,310643,17307,21666,222194,66782,26490,858,24533,41939,12279,10675,26,226,"JUNGLE","JUNGLE",1743,28,5,8,1222,31292,0,0,19,FALSE,FALSE,FALSE,FALSE
"465",0,8,3,10856,4458,5197,3736,1922,45,45,4736,11110,3563,3225,13,0,"NONE","UTILITY",913,17,10,0,211,1573,768,970,15,FALSE,FALSE,FALSE,FALSE
"466",1,1,3,57284,9150,49040,6236,2007,3026,3026,5170,10284,6291,5985,127,0,"NONE","MIDDLE",969,8,5,0,856,1554,0,0,7,TRUE,FALSE,FALSE,FALSE
"467",0,4,5,9577,4619,4206,3747,1623,702,104,8347,9905,4047,3600,15,0,"NONE","UTILITY",961,38,15,6,327,18,0,415,38,FALSE,TRUE,FALSE,FALSE
"468",9,5,12,198021,32127,50990,144339,2691,16602,8516,13736,22833,15477,15050,219,24,"JUNGLE","BOTTOM",1717,24,7,8,523,7015,0,0,5,FALSE,FALSE,FALSE,FALSE
"469",12,8,5,193432,37754,45915,132168,15348,9525,6271,17952,30025,15466,15633,221,15,"JUNGLE","TOP",1783,15,8,2,541,4907,0,0,0,FALSE,FALSE,FALSE,FALSE
"470",28,14,16,229314,73332,20807,200424,8082,4318,4318,32661,38824,20857,17250,119,0,"BOTTOM","",1465,0,0,0,149,7729,0,0,0,FALSE,FALSE,FALSE,FALSE
"471",6,1,7,246547,15411,1067,164611,80868,22421,545,19497,29943,10439,8575,19,171,"JUNGLE","JUNGLE",1543,20,3,5,223,22705,0,0,11,FALSE,FALSE,FALSE,FALSE
"472",6,3,14,42120,14077,920,37838,3361,10397,4410,6640,15316,9673,8125,33,2,"BOTTOM","UTILITY",1474,53,18,4,642,13456,6746,1212,27,FALSE,FALSE,FALSE,TRUE
"473",2,8,5,129043,13364,2461,121411,5170,5476,5476,28790,42140,9340,9335,186,12,"TOP","TOP",1589,19,7,3,310,8800,0,0,21,TRUE,FALSE,FALSE,FALSE
"474",3,4,1,47146,8304,35421,8633,3092,1048,1048,3872,9663,6062,5950,105,0,"NONE","BOTTOM",943,8,4,2,389,190,0,0,9,FALSE,FALSE,FALSE,FALSE
"475",9,5,14,189856,44480,174729,10182,4943,5485,3001,11427,20445,13817,12540,226,0,"MIDDLE","MIDDLE",2041,10,10,1,894,1743,0,0,42,FALSE,FALSE,FALSE,FALSE
"476",21,6,17,63155,32531,2928,59647,580,2222,2222,10077,15389,12817,11875,32,0,"NONE","",812,0,0,0,158,2901,0,0,30,FALSE,TRUE,FALSE,FALSE
"477",0,4,0,31482,5753,0,31482,0,0,0,6767,9877,3725,3225,67,4,"NONE","MIDDLE",914,7,3,2,264,435,0,0,4,FALSE,FALSE,FALSE,FALSE
"478",12,7,6,277521,35983,116751,145229,15541,21952,7400,13264,26778,16677,15025,269,20,"BOTTOM","BOTTOM",2056,24,11,7,558,5783,0,0,4,TRUE,FALSE,TRUE,FALSE
"479",20,10,33,87527,45604,256,81200,6070,750,750,14415,24559,16901,14925,53,0,"TOP","",1353,0,0,0,136,3936,0,0,12,FALSE,TRUE,FALSE,TRUE
"480",6,4,3,73948,17520,56161,14080,3706,920,920,5643,12908,8185,6600,145,0,"NONE","MIDDLE",1113,1,3,0,314,1754,0,0,6,FALSE,FALSE,FALSE,FALSE
"481",9,4,20,172549,31774,149983,17552,5014,14328,7987,20870,30595,15515,13400,208,9,"MIDDLE","MIDDLE",1962,22,12,3,1267,7644,0,0,71,FALSE,FALSE,FALSE,FALSE
"482",2,6,2,115686,19991,103714,9262,2710,2695,2695,7946,17016,9455,8875,197,0,"MIDDLE","MIDDLE",1613,14,10,4,439,966,0,0,33,FALSE,FALSE,FALSE,FALSE
"483",17,13,19,69617,34787,2416,64656,2544,538,538,17791,26569,13550,13650,52,0,"NONE","",1088,0,0,0,101,1764,0,0,8,TRUE,FALSE,FALSE,FALSE
"484",9,4,15,313278,19427,24470,188283,100524,47887,1506,43232,59398,15630,14150,27,196,"JUNGLE","JUNGLE",2230,30,0,13,692,40322,0,0,40,FALSE,FALSE,FALSE,FALSE
"485",5,4,3,104121,17176,59814,12109,32198,0,0,6169,14271,8813,8100,175,0,"MIDDLE","MIDDLE",1442,18,10,0,989,2735,0,0,19,FALSE,FALSE,FALSE,FALSE
"486",13,9,9,274408,34685,2089,245479,26839,27064,12053,15678,25667,17541,17225,243,7,"BOTTOM","BOTTOM",2030,40,13,6,292,6402,0,0,24,FALSE,FALSE,FALSE,FALSE
"487",11,5,3,158170,32401,149522,7450,1197,23202,5328,21900,30435,13227,11825,208,4,"MIDDLE","MIDDLE",1667,14,8,1,519,9669,0,0,33,FALSE,FALSE,FALSE,FALSE
"488",5,6,8,153620,23798,0,141240,12380,4581,4581,54341,37828,13508,12275,203,8,"BOTTOM","BOTTOM",2216,17,9,2,1061,6061,0,0,20,FALSE,FALSE,FALSE,FALSE
"489",0,7,7,17548,8545,10959,4078,2509,0,0,8503,21906,7045,6600,42,0,"BOTTOM","UTILITY",1827,71,34,8,414,11696,6237,2728,11,FALSE,TRUE,FALSE,FALSE
"490",7,7,2,144191,10863,25103,71472,47615,6880,0,25132,26540,9473,9200,7,119,"JUNGLE","JUNGLE",1433,21,9,1,592,9944,0,498,17,FALSE,FALSE,FALSE,FALSE
"491",7,2,9,117333,17706,94156,19496,3681,12411,5967,31349,33615,10792,10000,165,2,"TOP","TOP",1420,11,3,1,757,33680,0,0,30,FALSE,FALSE,FALSE,FALSE
"492",5,1,12,18336,8281,9972,4206,4157,1520,520,14212,11725,8769,8125,35,0,"BOTTOM","UTILITY",1594,129,66,17,761,9975,5329,3336,33,FALSE,FALSE,FALSE,FALSE
"493",28,12,30,222901,78199,8509,213508,883,1576,1576,18005,39699,19817,20600,135,0,"TOP","",1403,0,0,0,203,6858,0,0,53,FALSE,FALSE,FALSE,FALSE
"494",8,4,6,213529,31069,0,211716,1813,9361,1018,9917,21430,13417,13525,261,0,"BOTTOM","BOTTOM",1978,13,7,2,713,6767,0,0,16,FALSE,FALSE,FALSE,FALSE
"495",9,5,6,136647,21679,6336,121517,8794,6262,2864,13598,20014,12337,11750,193,0,"MIDDLE","MIDDLE",1656,23,7,6,411,5459,0,0,7,FALSE,TRUE,FALSE,FALSE
"496",2,6,5,142589,21415,119439,17306,5843,8644,417,10559,18780,10172,9050,220,0,"BOTTOM","BOTTOM",1758,24,8,4,579,1383,0,0,12,FALSE,FALSE,FALSE,FALSE
"497",7,7,15,340053,23507,230825,30351,78876,53553,3145,41829,43809,14870,12725,54,173,"JUNGLE","JUNGLE",2010,34,6,4,346,22512,0,0,23,FALSE,FALSE,FALSE,FALSE
"498",4,11,0,173195,23830,18218,152260,2717,3039,2714,25459,33601,10015,9725,195,19,"TOP","TOP",1704,11,4,2,238,5630,0,0,33,FALSE,FALSE,FALSE,FALSE
"499",10,8,7,248166,20310,17662,225555,4949,26531,5976,35564,32709,15752,14975,240,23,"BOTTOM","BOTTOM",2043,31,12,8,479,4584,0,0,26,TRUE,FALSE,TRUE,FALSE
"500",1,8,4,172547,19277,134843,17086,20616,7530,4435,7714,20275,10985,10200,241,0,"BOTTOM","BOTTOM",1907,14,10,2,546,77,0,0,16,FALSE,FALSE,FALSE,FALSE
